time,latitude,longitude,altitude
2021-08-20T22:07:21Z,-8.05179008,-34.94852864,
2021-08-20T22:07:22Z,-8.05179008,-34.94852864,
2021-08-20T22:07:23Z,-8.05178816,-34.94853632,
2021-08-20T22:07:24Z,-8.05178752,-34.94854656,
2021-08-20T22:07:25Z,-8.05178816,-34.94855936,
2021-08-20T22:07:26Z,-8.05178816,-34.9485696,
2021-08-20T22:07:27Z,-8.05179008,-34.94858496,
2021-08-20T22:07:28Z,-8.05179328,-34.94859776,
2021-08-20T22:07:29Z,-8.05179904,-34.94860544,
2021-08-20T22:07:30Z,-8.0518048,-34.94861568,
2021-08-20T22:07:34Z,-8.05181056,-34.94866688,7.360000133514404
2021-08-20T22:07:38Z,-8.0518176,-34.94871808,8.630000114440918
2021-08-20T22:07:42Z,-8.05179968,-34.94877952,11.079999923706055
2021-08-20T22:07:46Z,-8.05179968,-34.94883328,12.359999656677246
2021-08-20T22:07:50Z,-8.0517952,-34.94889472,12.359999656677246
2021-08-20T22:07:54Z,-8.05178752,-34.94895104,15.359999656677246
2021-08-20T22:07:58Z,-8.05178176,-34.94901248,16.540000915527344
2021-08-20T22:08:02Z,-8.05176704,-34.94907392,17.899999618530273
2021-08-20T22:08:05Z,-8.05176064,-34.94912,19.079999923706055
2021-08-20T22:08:09Z,-8.05176448,-34.94916864,19.079999923706055
2021-08-20T22:08:14Z,-8.05177024,-34.94922752,19.079999923706055
2021-08-20T22:08:19Z,-8.05177664,-34.94929152,19.079999923706055
2021-08-20T22:08:23Z,-8.05177024,-34.94935296,19.079999923706055
2021-08-20T22:08:27Z,-8.05175872,-34.94940928,19.079999923706055
2021-08-20T22:08:31Z,-8.05174464,-34.94947072,19.079999923706055
2021-08-20T22:08:35Z,-8.05172416,-34.94953472,19.079999923706055
2021-08-20T22:08:38Z,-8.05170624,-34.94958592,19.079999923706055
2021-08-20T22:08:41Z,-8.0516928,-34.94963456,17.719999313354492
2021-08-20T22:08:45Z,-8.0516736,-34.94969856,17.719999313354492
2021-08-20T22:08:49Z,-8.05164992,-34.94976,17.719999313354492
2021-08-20T22:08:53Z,-8.0516288,-34.94982656,17.719999313354492
2021-08-20T22:08:57Z,-8.05160896,-34.94989056,17.719999313354492
2021-08-20T22:09:00Z,-8.05159744,-34.9499392,17.719999313354492
2021-08-20T22:09:03Z,-8.05158976,-34.94998528,17.719999313354492
2021-08-20T22:09:07Z,-8.0515744,-34.9500544,18.899999618530273
2021-08-20T22:09:11Z,-8.05156032,-34.95011584,18.899999618530273
2021-08-20T22:09:15Z,-8.05156928,-34.95016448,18.899999618530273
2021-08-20T22:09:19Z,-8.05156544,-34.9502208,18.899999618530273
2021-08-20T22:09:23Z,-8.05155072,-34.95028224,18.899999618530273
2021-08-20T22:09:27Z,-8.05153728,-34.950336,18.899999618530273
2021-08-20T22:09:31Z,-8.05152512,-34.95039744,18.899999618530273
2021-08-20T22:09:35Z,-8.05150016,-34.95045376,18.899999618530273
2021-08-20T22:09:39Z,-8.05146624,-34.95050752,18.899999618530273
2021-08-20T22:09:43Z,-8.05142336,-34.95054592,18.899999618530273
2021-08-20T22:09:46Z,-8.0513792,-34.95056896,18.899999618530273
2021-08-20T22:09:50Z,-8.05132224,-34.95058944,18.899999618530273
2021-08-20T22:09:54Z,-8.05125888,-34.95059712,18.899999618530273
2021-08-20T22:09:57Z,-8.05121344,-34.95059712,18.899999618530273
2021-08-20T22:10:01Z,-8.05115008,-34.95059712,17.719999313354492
2021-08-20T22:10:05Z,-8.05109056,-34.950592,17.719999313354492
2021-08-20T22:10:09Z,-8.05102848,-34.95058176,17.719999313354492
2021-08-20T22:10:13Z,-8.05096704,-34.95057408,17.719999313354492
2021-08-20T22:10:17Z,-8.05091072,-34.95055872,17.719999313354492
2021-08-20T22:10:21Z,-8.05085056,-34.9505536,17.719999313354492
2021-08-20T22:10:25Z,-8.05078912,-34.95055104,17.719999313354492
2021-08-20T22:10:29Z,-8.05072192,-34.95054592,16.540000915527344
2021-08-20T22:10:32Z,-8.05067328,-34.95054336,16.540000915527344
2021-08-20T22:10:36Z,-8.0506112,-34.95053056,16.540000915527344
2021-08-20T22:10:40Z,-8.0505536,-34.950528,16.540000915527344
2021-08-20T22:10:44Z,-8.0504992,-34.9505152,16.540000915527344
2021-08-20T22:10:48Z,-8.05043968,-34.95050496,16.540000915527344
2021-08-20T22:10:52Z,-8.05038144,-34.95049216,16.540000915527344
2021-08-20T22:10:56Z,-8.05031872,-34.9504896,16.540000915527344
2021-08-20T22:11:00Z,-8.05026048,-34.9504896,16.540000915527344
2021-08-20T22:11:04Z,-8.05019776,-34.95049216,16.540000915527344
2021-08-20T22:11:08Z,-8.05014144,-34.95049216,16.540000915527344
2021-08-20T22:11:12Z,-8.05008384,-34.95048448,16.540000915527344
2021-08-20T22:11:16Z,-8.05002496,-34.95048192,16.540000915527344
2021-08-20T22:11:20Z,-8.049968,-34.9504768,16.540000915527344
2021-08-20T22:11:24Z,-8.0499104,-34.95046656,16.540000915527344
2021-08-20T22:11:27Z,-8.04986112,-34.95046656,16.540000915527344
2021-08-20T22:11:31Z,-8.04980096,-34.95046656,16.540000915527344
2021-08-20T22:11:35Z,-8.0497408,-34.95045888,16.540000915527344
2021-08-20T22:11:39Z,-8.04968192,-34.95044608,16.540000915527344
2021-08-20T22:11:43Z,-8.04961984,-34.95044608,16.540000915527344
2021-08-20T22:11:47Z,-8.04955968,-34.95044352,16.540000915527344
2021-08-20T22:11:50Z,-8.04951296,-34.9504384,16.540000915527344
2021-08-20T22:11:54Z,-8.04945536,-34.95043072,16.540000915527344
2021-08-20T22:11:58Z,-8.04939392,-34.95042048,16.540000915527344
2021-08-20T22:12:03Z,-8.04931904,-34.95040768,16.540000915527344
2021-08-20T22:12:06Z,-8.0492736,-34.95040512,16.540000915527344
2021-08-20T22:12:10Z,-8.04921408,-34.95039744,16.540000915527344
2021-08-20T22:12:14Z,-8.04915456,-34.95039488,16.540000915527344
2021-08-20T22:12:18Z,-8.0491008,-34.9503872,16.540000915527344
2021-08-20T22:12:22Z,-8.04904,-34.95037952,16.540000915527344
2021-08-20T22:12:26Z,-8.0489824,-34.95037952,16.540000915527344
2021-08-20T22:12:30Z,-8.04892608,-34.9503744,16.540000915527344
2021-08-20T22:12:34Z,-8.04887168,-34.95037952,16.540000915527344
2021-08-20T22:12:38Z,-8.04881664,-34.95039744,16.540000915527344
2021-08-20T22:12:42Z,-8.04876544,-34.95042304,16.540000915527344
2021-08-20T22:12:46Z,-8.0487136,-34.95045888,16.540000915527344
2021-08-20T22:12:50Z,-8.04867264,-34.95049984,16.540000915527344
2021-08-20T22:12:54Z,-8.04863936,-34.95054592,16.540000915527344
2021-08-20T22:12:58Z,-8.04861248,-34.95059712,16.540000915527344
2021-08-20T22:13:02Z,-8.0485984,-34.95064832,16.540000915527344
2021-08-20T22:13:06Z,-8.04859072,-34.9507072,16.540000915527344
2021-08-20T22:13:10Z,-8.0485632,-34.95074816,16.540000915527344
2021-08-20T22:13:14Z,-8.04851264,-34.95076864,16.540000915527344
2021-08-20T22:13:18Z,-8.04845504,-34.95077632,16.540000915527344
2021-08-20T22:13:22Z,-8.0483968,-34.950784,16.540000915527344
2021-08-20T22:13:26Z,-8.04834048,-34.95077888,16.540000915527344
2021-08-20T22:13:30Z,-8.04828288,-34.95076864,16.540000915527344
2021-08-20T22:13:34Z,-8.04821888,-34.95076352,16.540000915527344
2021-08-20T22:13:37Z,-8.04817088,-34.95076352,15.359999656677246
2021-08-20T22:13:42Z,-8.04809088,-34.95075584,15.359999656677246
2021-08-20T22:13:45Z,-8.04804736,-34.9507456,15.359999656677246
2021-08-20T22:13:49Z,-8.04800128,-34.95071744,15.359999656677246
2021-08-20T22:13:53Z,-8.04795392,-34.95069184,15.359999656677246
2021-08-20T22:13:57Z,-8.04789952,-34.95067136,15.359999656677246
2021-08-20T22:14:01Z,-8.04784384,-34.95066368,15.359999656677246
2021-08-20T22:14:05Z,-8.04778752,-34.950656,15.359999656677246
2021-08-20T22:14:10Z,-8.04772928,-34.95064832,15.359999656677246
2021-08-20T22:14:15Z,-8.04767104,-34.95064064,15.359999656677246
2021-08-20T22:14:20Z,-8.0476064,-34.9506304,15.359999656677246
2021-08-20T22:14:24Z,-8.04754752,-34.95062272,15.359999656677246
2021-08-20T22:14:28Z,-8.04748992,-34.9506176,15.359999656677246
2021-08-20T22:14:32Z,-8.0474272,-34.95061504,15.359999656677246
2021-08-20T22:14:36Z,-8.04736704,-34.95060736,15.359999656677246
2021-08-20T22:14:41Z,-8.04730112,-34.950592,15.359999656677246
2021-08-20T22:14:45Z,-8.04724096,-34.95058176,15.359999656677246
2021-08-20T22:14:49Z,-8.04717824,-34.95057408,15.359999656677246
2021-08-20T22:14:52Z,-8.04712896,-34.95057408,15.359999656677246
2021-08-20T22:14:56Z,-8.04706496,-34.95056896,15.359999656677246
2021-08-20T22:15:00Z,-8.04700544,-34.95055872,15.359999656677246
2021-08-20T22:15:04Z,-8.04694848,-34.95054592,15.359999656677246
2021-08-20T22:15:07Z,-8.04690176,-34.95053824,15.359999656677246
2021-08-20T22:15:11Z,-8.04684352,-34.95053056,15.359999656677246
2021-08-20T22:15:15Z,-8.0467808,-34.95052288,15.359999656677246
2021-08-20T22:15:19Z,-8.04672512,-34.9505152,15.359999656677246
2021-08-20T22:15:24Z,-8.04666112,-34.95052032,15.359999656677246
2021-08-20T22:15:29Z,-8.0466336,-34.95056128,15.359999656677246
2021-08-20T22:15:34Z,-8.04667968,-34.950592,15.359999656677246
2021-08-20T22:15:38Z,-8.04672896,-34.95060224,15.359999656677246
2021-08-20T22:15:42Z,-8.04678912,-34.95060736,15.359999656677246
2021-08-20T22:15:46Z,-8.04684736,-34.95060736,15.359999656677246
2021-08-20T22:15:50Z,-8.04690752,-34.95060736,15.359999656677246
2021-08-20T22:15:54Z,-8.04696448,-34.95060992,15.359999656677246
2021-08-20T22:15:58Z,-8.047024,-34.9506176,14.170000076293945
2021-08-20T22:16:02Z,-8.04707648,-34.9506176,14.170000076293945
2021-08-20T22:16:06Z,-8.04713536,-34.9506176,14.170000076293945
2021-08-20T22:16:09Z,-8.04718208,-34.9506176,14.170000076293945
2021-08-20T22:16:13Z,-8.04724032,-34.95062272,14.170000076293945
2021-08-20T22:16:17Z,-8.04729536,-34.95063808,14.170000076293945
2021-08-20T22:16:21Z,-8.04735488,-34.95064576,14.170000076293945
2021-08-20T22:16:25Z,-8.04741504,-34.95064832,14.170000076293945
2021-08-20T22:16:29Z,-8.04747456,-34.950656,14.170000076293945
2021-08-20T22:16:32Z,-8.04752128,-34.95066112,14.170000076293945
2021-08-20T22:16:36Z,-8.04758272,-34.95066368,14.170000076293945
2021-08-20T22:16:40Z,-8.04764288,-34.95066368,14.170000076293945
2021-08-20T22:16:44Z,-8.0476992,-34.95067648,14.170000076293945
2021-08-20T22:16:48Z,-8.04776128,-34.95067904,14.170000076293945
2021-08-20T22:16:52Z,-8.0478208,-34.95068416,14.170000076293945
2021-08-20T22:16:56Z,-8.04787904,-34.95068672,14.170000076293945
2021-08-20T22:16:59Z,-8.04792512,-34.9506944,14.170000076293945
2021-08-20T22:17:04Z,-8.04798912,-34.9507072,14.170000076293945
2021-08-20T22:17:08Z,-8.04804544,-34.95071488,14.170000076293945
2021-08-20T22:17:12Z,-8.04809856,-34.95072256,14.170000076293945
2021-08-20T22:17:16Z,-8.04815552,-34.95072256,14.170000076293945
2021-08-20T22:17:20Z,-8.04821504,-34.95072512,14.170000076293945
2021-08-20T22:17:24Z,-8.04827328,-34.95072512,14.170000076293945
2021-08-20T22:17:28Z,-8.04833536,-34.9507328,14.170000076293945
2021-08-20T22:17:32Z,-8.04839104,-34.95074048,14.170000076293945
2021-08-20T22:17:36Z,-8.04844736,-34.95074816,14.170000076293945
2021-08-20T22:17:40Z,-8.04851072,-34.95076096,14.170000076293945
2021-08-20T22:17:44Z,-8.04856896,-34.95079424,11.260000228881836
2021-08-20T22:17:48Z,-8.04859264,-34.95084288,8.079999923706055
2021-08-20T22:17:52Z,-8.04859648,-34.95090944,8.079999923706055
2021-08-20T22:17:56Z,-8.04859712,-34.95097088,8.079999923706055
2021-08-20T22:18:00Z,-8.04859328,-34.95103744,9.539999961853027
2021-08-20T22:18:04Z,-8.04858368,-34.95109888,10.720000267028809
2021-08-20T22:18:08Z,-8.04857472,-34.95115776,10.720000267028809
2021-08-20T22:18:11Z,-8.0485728,-34.9512064,11.989999771118164
2021-08-20T22:18:15Z,-8.04856704,-34.95126784,11.989999771118164
2021-08-20T22:18:19Z,-8.04856192,-34.95132416,13.170000076293945
2021-08-20T22:18:23Z,-8.04856192,-34.9513728,13.170000076293945
2021-08-20T22:18:27Z,-8.04856512,-34.95143168,13.170000076293945
2021-08-20T22:18:31Z,-8.04856384,-34.9515008,13.170000076293945
2021-08-20T22:18:35Z,-8.04856192,-34.95155712,13.170000076293945
2021-08-20T22:18:39Z,-8.0485536,-34.95161856,13.170000076293945
2021-08-20T22:18:43Z,-8.04854656,-34.95167488,13.170000076293945
2021-08-20T22:18:47Z,-8.04854208,-34.95173632,13.170000076293945
2021-08-20T22:18:51Z,-8.04854016,-34.95179776,13.170000076293945
2021-08-20T22:18:55Z,-8.04853312,-34.95185408,13.170000076293945
2021-08-20T22:18:59Z,-8.04852224,-34.95190784,13.170000076293945
2021-08-20T22:19:03Z,-8.0485152,-34.9519616,13.170000076293945
2021-08-20T22:19:07Z,-8.04850752,-34.95202304,13.170000076293945
2021-08-20T22:19:11Z,-8.04849984,-34.95207936,13.170000076293945
2021-08-20T22:19:15Z,-8.04848832,-34.9521408,13.170000076293945
2021-08-20T22:19:19Z,-8.04848,-34.95219712,13.170000076293945
2021-08-20T22:19:23Z,-8.04847552,-34.952256,13.170000076293945
2021-08-20T22:19:27Z,-8.04846464,-34.95231744,13.170000076293945
2021-08-20T22:19:31Z,-8.04844864,-34.95237376,13.170000076293945
2021-08-20T22:19:35Z,-8.0484352,-34.9524352,13.170000076293945
2021-08-20T22:19:39Z,-8.04843264,-34.95250432,13.170000076293945
2021-08-20T22:19:43Z,-8.04842752,-34.95256064,13.170000076293945
2021-08-20T22:19:47Z,-8.04841792,-34.95261696,13.170000076293945
2021-08-20T22:19:51Z,-8.0484096,-34.95266816,13.170000076293945
2021-08-20T22:19:55Z,-8.04840448,-34.95272192,13.170000076293945
2021-08-20T22:19:59Z,-8.04841792,-34.95277312,13.170000076293945
2021-08-20T22:20:03Z,-8.04844352,-34.9528192,13.170000076293945
2021-08-20T22:20:07Z,-8.04847616,-34.9528704,13.170000076293945
2021-08-20T22:20:11Z,-8.04851328,-34.9529088,13.170000076293945
2021-08-20T22:20:15Z,-8.04855936,-34.95292928,13.170000076293945
2021-08-20T22:20:19Z,-8.04860416,-34.95295232,13.170000076293945
2021-08-20T22:20:23Z,-8.04866048,-34.95297536,13.170000076293945
2021-08-20T22:20:27Z,-8.04871488,-34.95299072,13.170000076293945
2021-08-20T22:20:31Z,-8.04877312,-34.95300608,13.170000076293945
2021-08-20T22:20:35Z,-8.04882624,-34.9530112,13.170000076293945
2021-08-20T22:20:39Z,-8.04888512,-34.95301376,13.170000076293945
2021-08-20T22:20:43Z,-8.04894144,-34.95302144,13.170000076293945
2021-08-20T22:20:47Z,-8.04899904,-34.95302912,13.170000076293945
2021-08-20T22:20:51Z,-8.0490592,-34.95303424,13.170000076293945
2021-08-20T22:20:55Z,-8.04911872,-34.9530368,13.170000076293945
2021-08-20T22:20:58Z,-8.0491648,-34.95304192,13.170000076293945
2021-08-20T22:21:02Z,-8.04922112,-34.9530496,13.170000076293945
2021-08-20T22:21:06Z,-8.04927552,-34.9530496,13.170000076293945
2021-08-20T22:21:10Z,-8.04932992,-34.95305216,13.170000076293945
2021-08-20T22:21:14Z,-8.04937728,-34.95306496,13.170000076293945
2021-08-20T22:21:19Z,-8.04944832,-34.95307264,13.170000076293945
2021-08-20T22:21:23Z,-8.04950592,-34.95308288,13.170000076293945
2021-08-20T22:21:27Z,-8.04956608,-34.953088,13.170000076293945
2021-08-20T22:21:31Z,-8.04962752,-34.95309568,13.170000076293945
2021-08-20T22:21:35Z,-8.04968256,-34.95309824,13.170000076293945
2021-08-20T22:21:39Z,-8.04973696,-34.95310592,13.170000076293945
2021-08-20T22:21:43Z,-8.04979392,-34.9531136,13.170000076293945
2021-08-20T22:21:47Z,-8.04985536,-34.9531136,13.170000076293945
2021-08-20T22:21:51Z,-8.0499104,-34.95312128,13.170000076293945
2021-08-20T22:21:55Z,-8.04996416,-34.95312896,13.170000076293945
2021-08-20T22:21:59Z,-8.05002048,-34.9531392,13.170000076293945
2021-08-20T22:22:03Z,-8.0500768,-34.95314688,13.170000076293945
2021-08-20T22:22:07Z,-8.0501344,-34.95315456,13.170000076293945
2021-08-20T22:22:11Z,-8.05019648,-34.95315968,13.170000076293945
2021-08-20T22:22:15Z,-8.05025856,-34.95316224,13.170000076293945
2021-08-20T22:22:19Z,-8.05031616,-34.95316992,13.170000076293945
2021-08-20T22:22:23Z,-8.05037312,-34.95317504,13.170000076293945
2021-08-20T22:22:27Z,-8.05042944,-34.95318272,13.170000076293945
2021-08-20T22:22:31Z,-8.05048192,-34.9531904,13.170000076293945
2021-08-20T22:22:35Z,-8.05054272,-34.95319808,11.989999771118164
2021-08-20T22:22:39Z,-8.05059648,-34.95320576,11.989999771118164
2021-08-20T22:22:43Z,-8.05065344,-34.953216,11.989999771118164
2021-08-20T22:22:47Z,-8.05070848,-34.95322112,11.989999771118164
2021-08-20T22:22:51Z,-8.05077568,-34.953216,11.989999771118164
2021-08-20T22:22:54Z,-8.05082624,-34.953216,11.989999771118164
2021-08-20T22:22:58Z,-8.05089216,-34.95322112,11.989999771118164
2021-08-20T22:23:02Z,-8.0509536,-34.95322368,11.989999771118164
2021-08-20T22:23:06Z,-8.05101312,-34.9532288,11.989999771118164
2021-08-20T22:23:10Z,-8.05107392,-34.95323904,11.989999771118164
2021-08-20T22:23:14Z,-8.05113728,-34.95325184,11.989999771118164
2021-08-20T22:23:17Z,-8.051184,-34.95326208,11.989999771118164
2021-08-20T22:23:21Z,-8.05124352,-34.95326976,11.989999771118164
2021-08-20T22:23:25Z,-8.05130304,-34.95326976,11.989999771118164
2021-08-20T22:23:29Z,-8.05136576,-34.95326976,11.989999771118164
2021-08-20T22:23:33Z,-8.05142144,-34.95327488,11.989999771118164
2021-08-20T22:23:37Z,-8.05147904,-34.95327744,11.989999771118164
2021-08-20T22:23:41Z,-8.05153472,-34.95328512,11.989999771118164
2021-08-20T22:23:45Z,-8.05159488,-34.95329792,11.989999771118164
2021-08-20T22:23:49Z,-8.051648,-34.95330304,11.989999771118164
2021-08-20T22:23:53Z,-8.05170624,-34.95331072,11.989999771118164
2021-08-20T22:23:57Z,-8.05176384,-34.95331584,11.989999771118164
2021-08-20T22:24:01Z,-8.05181504,-34.9533184,11.989999771118164
2021-08-20T22:24:05Z,-8.051872,-34.95332352,11.989999771118164
2021-08-20T22:24:09Z,-8.05192576,-34.9533312,11.989999771118164
2021-08-20T22:24:13Z,-8.05198016,-34.95334144,11.989999771118164
2021-08-20T22:24:17Z,-8.05204288,-34.95334656,11.989999771118164
2021-08-20T22:24:21Z,-8.05209856,-34.95336192,11.989999771118164
2021-08-20T22:24:25Z,-8.05215232,-34.95336192,11.989999771118164
2021-08-20T22:24:29Z,-8.052208,-34.9533696,11.989999771118164
2021-08-20T22:24:33Z,-8.05226048,-34.95337728,11.989999771118164
2021-08-20T22:24:37Z,-8.0523232,-34.95338752,11.989999771118164
2021-08-20T22:24:41Z,-8.05238144,-34.95339264,11.989999771118164
2021-08-20T22:24:45Z,-8.05244352,-34.9533952,11.989999771118164
2021-08-20T22:24:49Z,-8.05249664,-34.95340032,11.989999771118164
2021-08-20T22:24:53Z,-8.0525504,-34.95340288,11.989999771118164
2021-08-20T22:24:57Z,-8.0526112,-34.95340288,11.989999771118164
2021-08-20T22:25:01Z,-8.05266688,-34.95341056,11.989999771118164
2021-08-20T22:25:05Z,-8.05272576,-34.95341056,11.989999771118164
2021-08-20T22:25:10Z,-8.0527776,-34.95342592,11.989999771118164
2021-08-20T22:25:15Z,-8.05282496,-34.95343872,11.989999771118164
2021-08-20T22:25:20Z,-8.0528896,-34.95344128,11.989999771118164
2021-08-20T22:25:24Z,-8.05294912,-34.95344128,11.989999771118164
2021-08-20T22:25:28Z,-8.05300992,-34.95344896,11.989999771118164
2021-08-20T22:25:32Z,-8.0530624,-34.95346176,11.989999771118164
2021-08-20T22:25:36Z,-8.0531232,-34.95345664,11.989999771118164
2021-08-20T22:25:40Z,-8.0531808,-34.95346176,11.989999771118164
2021-08-20T22:25:44Z,-8.05323904,-34.95346432,11.989999771118164
2021-08-20T22:25:48Z,-8.053296,-34.95347712,11.989999771118164
2021-08-20T22:25:52Z,-8.05335232,-34.9534848,11.989999771118164
2021-08-20T22:25:56Z,-8.05340672,-34.95348736,11.989999771118164
2021-08-20T22:26:00Z,-8.05345728,-34.95349504,11.989999771118164
2021-08-20T22:26:04Z,-8.0535104,-34.95349504,11.989999771118164
2021-08-20T22:26:08Z,-8.0535648,-34.9534976,11.989999771118164
2021-08-20T22:26:13Z,-8.05363392,-34.95349504,11.989999771118164
2021-08-20T22:26:17Z,-8.05369536,-34.95349504,11.989999771118164
2021-08-20T22:26:21Z,-8.05375296,-34.9534976,11.989999771118164
2021-08-20T22:26:24Z,-8.0538016,-34.95350272,11.989999771118164
2021-08-20T22:26:28Z,-8.05386048,-34.9535104,11.989999771118164
2021-08-20T22:26:32Z,-8.05392064,-34.95351808,11.989999771118164
2021-08-20T22:26:36Z,-8.05398208,-34.95352064,11.989999771118164
2021-08-20T22:26:40Z,-8.05403584,-34.95352832,11.989999771118164
2021-08-20T22:26:44Z,-8.0540896,-34.95354112,11.989999771118164
2021-08-20T22:26:48Z,-8.05414784,-34.95355136,11.989999771118164
2021-08-20T22:26:52Z,-8.05420224,-34.95356416,11.989999771118164
2021-08-20T22:26:56Z,-8.05425728,-34.95357184,10.8100004196167
2021-08-20T22:27:00Z,-8.05431168,-34.95357952,10.8100004196167
2021-08-20T22:27:04Z,-8.05437184,-34.95359488,10.8100004196167
2021-08-20T22:27:08Z,-8.05441856,-34.95362816,10.8100004196167
2021-08-20T22:27:12Z,-8.0544672,-34.95366656,10.8100004196167
2021-08-20T22:27:16Z,-8.05451584,-34.95369216,10.8100004196167
2021-08-20T22:27:21Z,-8.054576,-34.95370752,10.8100004196167
2021-08-20T22:27:25Z,-8.05463232,-34.95369984,10.8100004196167
2021-08-20T22:27:29Z,-8.05468672,-34.95369216,10.8100004196167
2021-08-20T22:27:33Z,-8.05474688,-34.9536896,10.8100004196167
2021-08-20T22:27:36Z,-8.05479424,-34.95368704,10.8100004196167
2021-08-20T22:27:40Z,-8.05485632,-34.95368192,10.8100004196167
2021-08-20T22:27:43Z,-8.05490368,-34.95368192,10.8100004196167
2021-08-20T22:27:47Z,-8.05496,-34.95369216,10.8100004196167
2021-08-20T22:27:51Z,-8.0550144,-34.95371264,10.8100004196167
2021-08-20T22:27:55Z,-8.0550688,-34.95372288,10.8100004196167
2021-08-20T22:28:00Z,-8.0551264,-34.953728,10.8100004196167
2021-08-20T22:28:05Z,-8.05519296,-34.95373568,10.8100004196167
2021-08-20T22:28:10Z,-8.0552576,-34.95374336,7.539999961853027
2021-08-20T22:28:14Z,-8.05531392,-34.95373824,4.630000114440918
2021-08-20T22:28:18Z,-8.05537344,-34.95374336,4.630000114440918
2021-08-20T22:28:22Z,-8.05542848,-34.95374592,4.630000114440918
2021-08-20T22:28:26Z,-8.0554784,-34.95377408,5.989999771118164
2021-08-20T22:28:30Z,-8.05551552,-34.95382272,7.449999809265137
2021-08-20T22:28:34Z,-8.05553984,-34.95387904,8.630000114440918
2021-08-20T22:28:38Z,-8.0555488,-34.9539456,9.899999618530273
2021-08-20T22:28:42Z,-8.05554496,-34.95400192,9.899999618530273
2021-08-20T22:28:46Z,-8.055536,-34.95406336,9.899999618530273
2021-08-20T22:28:50Z,-8.05553408,-34.9541248,9.899999618530273
2021-08-20T22:28:54Z,-8.05553024,-34.95418112,11.079999923706055
2021-08-20T22:28:57Z,-8.05552768,-34.95423232,11.079999923706055
2021-08-20T22:29:01Z,-8.05552512,-34.9542912,11.079999923706055
2021-08-20T22:29:05Z,-8.05552128,-34.95434496,11.079999923706055
2021-08-20T22:29:09Z,-8.05551552,-34.95440384,11.079999923706055
2021-08-20T22:29:13Z,-8.0555104,-34.95445248,11.079999923706055
2021-08-20T22:29:17Z,-8.05550784,-34.95451392,11.079999923706055
2021-08-20T22:29:21Z,-8.055504,-34.95457536,11.079999923706055
2021-08-20T22:29:25Z,-8.05550592,-34.95463168,11.079999923706055
2021-08-20T22:29:29Z,-8.05550016,-34.95469312,11.079999923706055
2021-08-20T22:29:33Z,-8.05549248,-34.95474688,11.079999923706055
2021-08-20T22:29:37Z,-8.0554848,-34.9548032,11.079999923706055
2021-08-20T22:29:41Z,-8.05548672,-34.95486464,11.079999923706055
2021-08-20T22:29:45Z,-8.05548672,-34.9549184,11.079999923706055
2021-08-20T22:29:49Z,-8.05548032,-34.95497216,11.079999923706055
2021-08-20T22:29:53Z,-8.05547328,-34.95502848,11.079999923706055
2021-08-20T22:29:57Z,-8.0554688,-34.95508224,11.079999923706055
2021-08-20T22:30:01Z,-8.05546688,-34.95513856,11.079999923706055
2021-08-20T22:30:05Z,-8.05547072,-34.95519744,11.079999923706055
2021-08-20T22:30:09Z,-8.05546752,-34.95525376,11.079999923706055
2021-08-20T22:30:13Z,-8.05545792,-34.9553152,11.079999923706055
2021-08-20T22:30:17Z,-8.05544064,-34.95537152,11.079999923706055
2021-08-20T22:30:21Z,-8.0554208,-34.95542528,11.079999923706055
2021-08-20T22:30:25Z,-8.0554048,-34.95547904,11.079999923706055
2021-08-20T22:30:29Z,-8.05539584,-34.95554048,11.079999923706055
2021-08-20T22:30:33Z,-8.05538624,-34.95559424,11.079999923706055
2021-08-20T22:30:37Z,-8.05537984,-34.95565056,11.079999923706055
2021-08-20T22:30:41Z,-8.05537408,-34.95570432,11.079999923706055
2021-08-20T22:30:45Z,-8.0553696,-34.95576064,11.079999923706055
2021-08-20T22:30:49Z,-8.05536256,-34.95582208,11.079999923706055
2021-08-20T22:30:53Z,-8.05535296,-34.9558784,11.079999923706055
2021-08-20T22:30:57Z,-8.05534464,-34.95593216,11.079999923706055
2021-08-20T22:31:05Z,-8.0553504,-34.9559296,11.079999923706055
2021-08-20T22:31:10Z,-8.05534272,-34.95586816,11.079999923706055
2021-08-20T22:31:14Z,-8.05534144,-34.9558144,11.079999923706055
2021-08-20T22:31:18Z,-8.05534464,-34.95575808,11.079999923706055
2021-08-20T22:31:22Z,-8.05534912,-34.9556992,11.079999923706055
2021-08-20T22:31:26Z,-8.05534528,-34.95564544,11.079999923706055
2021-08-20T22:31:30Z,-8.05534336,-34.95558912,11.079999923706055
2021-08-20T22:31:34Z,-8.0553472,-34.95554048,11.079999923706055
2021-08-20T22:31:38Z,-8.05535872,-34.9554816,11.079999923706055
2021-08-20T22:31:42Z,-8.05537792,-34.95542528,11.079999923706055
2021-08-20T22:31:46Z,-8.05539328,-34.95537152,11.079999923706055
2021-08-20T22:31:50Z,-8.05539712,-34.95531776,11.079999923706055
2021-08-20T22:31:54Z,-8.05540288,-34.95526144,11.079999923706055
2021-08-20T22:31:58Z,-8.05540928,-34.9552128,11.079999923706055
2021-08-20T22:32:02Z,-8.0554208,-34.95515904,11.079999923706055
2021-08-20T22:32:06Z,-8.05542656,-34.95510528,11.079999923706055
2021-08-20T22:32:10Z,-8.05542784,-34.95505152,11.079999923706055
2021-08-20T22:32:14Z,-8.05543488,-34.95499776,11.079999923706055
2021-08-20T22:32:18Z,-8.05544256,-34.95494144,11.079999923706055
2021-08-20T22:32:22Z,-8.05544384,-34.95488768,11.079999923706055
2021-08-20T22:32:26Z,-8.0554368,-34.95483392,11.079999923706055
2021-08-20T22:32:31Z,-8.05543872,-34.95476992,11.079999923706055
2021-08-20T22:32:35Z,-8.05544,-34.95470848,11.079999923706055
2021-08-20T22:32:39Z,-8.05544064,-34.95465472,11.079999923706055
2021-08-20T22:32:43Z,-8.05545024,-34.95460096,11.079999923706055
2021-08-20T22:32:47Z,-8.0554592,-34.9545472,11.079999923706055
2021-08-20T22:32:51Z,-8.05546368,-34.95448576,11.079999923706055
2021-08-20T22:32:55Z,-8.05547456,-34.95442688,11.079999923706055
2021-08-20T22:32:59Z,-8.05548032,-34.95437312,11.079999923706055
2021-08-20T22:33:03Z,-8.05548736,-34.95431424,11.079999923706055
2021-08-20T22:33:07Z,-8.05549504,-34.95426304,11.079999923706055
2021-08-20T22:33:11Z,-8.05550272,-34.95420416,11.079999923706055
2021-08-20T22:33:15Z,-8.0555104,-34.95415552,11.079999923706055
2021-08-20T22:33:19Z,-8.05552128,-34.95409664,11.079999923706055
2021-08-20T22:33:23Z,-8.05553024,-34.95404544,11.079999923706055
2021-08-20T22:33:27Z,-8.055536,-34.95399424,11.079999923706055
2021-08-20T22:33:31Z,-8.05553152,-34.95393792,11.079999923706055
2021-08-20T22:33:35Z,-8.05551936,-34.95388416,11.079999923706055
2021-08-20T22:33:39Z,-8.05549312,-34.9538432,11.079999923706055
2021-08-20T22:33:44Z,-8.05544256,-34.95379968,11.079999923706055
2021-08-20T22:33:48Z,-8.05539776,-34.95376896,11.079999923706055
2021-08-20T22:33:53Z,-8.0553696,-34.95372032,8.720000267028809
2021-08-20T22:33:59Z,-8.05531392,-34.95368192,8.720000267028809
2021-08-20T22:34:03Z,-8.05525888,-34.953664,8.720000267028809
2021-08-20T22:34:07Z,-8.05522176,-34.95362816,8.720000267028809
2021-08-20T22:34:12Z,-8.05517952,-34.9535744,8.720000267028809
2021-08-20T22:34:16Z,-8.05515072,-34.95352064,8.720000267028809
2021-08-20T22:34:20Z,-8.05513216,-34.95346432,8.720000267028809
2021-08-20T22:34:24Z,-8.05511936,-34.95341056,8.720000267028809
2021-08-20T22:34:28Z,-8.05510784,-34.95334656,8.720000267028809
2021-08-20T22:34:31Z,-8.05509568,-34.95330048,8.720000267028809
2021-08-20T22:34:35Z,-8.05508224,-34.95323648,8.720000267028809
2021-08-20T22:34:39Z,-8.05507648,-34.9531776,8.720000267028809
2021-08-20T22:34:43Z,-8.05507648,-34.95311616,8.720000267028809
2021-08-20T22:34:47Z,-8.05508608,-34.95305728,8.720000267028809
2021-08-20T22:34:51Z,-8.0550944,-34.95300608,8.720000267028809
2021-08-20T22:34:56Z,-8.05510208,-34.95293696,8.720000267028809
2021-08-20T22:35:00Z,-8.0551072,-34.95288064,8.720000267028809
2021-08-20T22:35:04Z,-8.0551168,-34.952832,8.720000267028809
2021-08-20T22:35:08Z,-8.05513088,-34.9527808,8.720000267028809
2021-08-20T22:35:12Z,-8.05513984,-34.95272192,8.720000267028809
2021-08-20T22:35:16Z,-8.05513984,-34.95266048,8.720000267028809
2021-08-20T22:35:20Z,-8.05514816,-34.95259904,8.720000267028809
2021-08-20T22:35:24Z,-8.05515264,-34.95254016,8.720000267028809
2021-08-20T22:35:28Z,-8.05515456,-34.95248384,8.720000267028809
2021-08-20T22:35:32Z,-8.05516224,-34.95242752,8.720000267028809
2021-08-20T22:35:36Z,-8.05516992,-34.95236864,8.720000267028809
2021-08-20T22:35:40Z,-8.05517504,-34.95232,8.720000267028809
2021-08-20T22:35:44Z,-8.05517568,-34.95226368,8.720000267028809
2021-08-20T22:35:48Z,-8.05518144,-34.9522048,8.720000267028809
2021-08-20T22:35:52Z,-8.0551872,-34.95215616,8.720000267028809
2021-08-20T22:35:56Z,-8.05519168,-34.95210752,8.720000267028809
2021-08-20T22:36:01Z,-8.05519744,-34.9520384,8.720000267028809
2021-08-20T22:36:05Z,-8.0552064,-34.95198464,8.720000267028809
2021-08-20T22:36:09Z,-8.05521664,-34.95193088,8.720000267028809
2021-08-20T22:36:14Z,-8.05522432,-34.95186688,8.720000267028809
2021-08-20T22:36:18Z,-8.05522752,-34.951808,8.720000267028809
2021-08-20T22:36:22Z,-8.05523328,-34.9517568,8.720000267028809
2021-08-20T22:36:26Z,-8.05523584,-34.9517056,8.720000267028809
2021-08-20T22:36:30Z,-8.05522816,-34.95165184,8.720000267028809
2021-08-20T22:36:34Z,-8.05523904,-34.95159552,8.720000267028809
2021-08-20T22:36:38Z,-8.05524736,-34.95154176,8.720000267028809
2021-08-20T22:36:42Z,-8.05525568,-34.951488,8.720000267028809
2021-08-20T22:36:46Z,-8.0552608,-34.95143168,8.720000267028809
2021-08-20T22:36:50Z,-8.05526528,-34.95137792,8.720000267028809
2021-08-20T22:36:54Z,-8.0552704,-34.95131648,8.720000267028809
2021-08-20T22:36:58Z,-8.05527808,-34.95126016,8.720000267028809
2021-08-20T22:37:02Z,-8.05529024,-34.95120128,8.720000267028809
2021-08-20T22:37:06Z,-8.05529792,-34.95114496,8.720000267028809
2021-08-20T22:37:10Z,-8.0553024,-34.9510912,8.720000267028809
2021-08-20T22:37:14Z,-8.05530944,-34.95103488,8.720000267028809
2021-08-20T22:37:18Z,-8.0553216,-34.95097856,8.720000267028809
2021-08-20T22:37:22Z,-8.0553344,-34.95091712,8.720000267028809
2021-08-20T22:37:26Z,-8.05533888,-34.95085568,8.720000267028809
2021-08-20T22:37:30Z,-8.05534464,-34.95079424,8.720000267028809
2021-08-20T22:37:34Z,-8.05534656,-34.9507328,8.720000267028809
2021-08-20T22:37:38Z,-8.05535232,-34.95067648,8.720000267028809
2021-08-20T22:37:42Z,-8.05535872,-34.95062272,8.720000267028809
2021-08-20T22:37:46Z,-8.05536576,-34.9505664,8.720000267028809
2021-08-20T22:37:50Z,-8.05537024,-34.95050752,8.720000267028809
2021-08-20T22:37:54Z,-8.05537536,-34.95045376,8.720000267028809
2021-08-20T22:37:58Z,-8.05537792,-34.95040256,8.720000267028809
2021-08-20T22:38:02Z,-8.05537024,-34.9503488,8.720000267028809
2021-08-20T22:38:06Z,-8.05535232,-34.95029504,8.720000267028809
2021-08-20T22:38:10Z,-8.05533312,-34.95024384,8.720000267028809
2021-08-20T22:38:14Z,-8.05531712,-34.9501952,8.720000267028809
2021-08-20T22:38:19Z,-8.05528896,-34.95014144,8.720000267028809
2021-08-20T22:38:23Z,-8.05525888,-34.9500928,8.720000267028809
2021-08-20T22:38:27Z,-8.05522432,-34.95004928,8.720000267028809
2021-08-20T22:38:32Z,-8.0551776,-34.95000576,8.720000267028809
2021-08-20T22:38:37Z,-8.0551328,-34.94996736,8.720000267028809
2021-08-20T22:38:41Z,-8.0550912,-34.94993664,8.720000267028809
2021-08-20T22:38:45Z,-8.05503872,-34.94990848,8.720000267028809
2021-08-20T22:38:49Z,-8.05499008,-34.94988288,8.720000267028809
2021-08-20T22:38:55Z,-8.05492416,-34.94984704,8.720000267028809
2021-08-20T22:38:59Z,-8.05487552,-34.94982912,7.079999923706055
2021-08-20T22:39:03Z,-8.05482688,-34.94980352,3.630000114440918
2021-08-20T22:39:07Z,-8.05477824,-34.94977536,2.1700000762939453
2021-08-20T22:39:11Z,-8.05473152,-34.94974976,2.1700000762939453
2021-08-20T22:39:15Z,-8.05468352,-34.9497216,2.1700000762939453
2021-08-20T22:39:19Z,-8.05464,-34.949696,3.450000047683716
2021-08-20T22:39:24Z,-8.05458944,-34.94966784,4.71999979019165
2021-08-20T22:39:28Z,-8.05453504,-34.94965248,5.900000095367432
2021-08-20T22:39:32Z,-8.0544832,-34.949632,7.170000076293945
2021-08-20T22:39:36Z,-8.05443008,-34.94960384,7.170000076293945
2021-08-20T22:39:40Z,-8.0543744,-34.94957824,7.170000076293945
2021-08-20T22:39:44Z,-8.05432256,-34.94955008,7.170000076293945
2021-08-20T22:39:48Z,-8.05428096,-34.94950912,7.170000076293945
2021-08-20T22:39:52Z,-8.05424704,-34.94945792,7.170000076293945
2021-08-20T22:39:57Z,-8.05419712,-34.94942208,8.350000381469727
2021-08-20T22:40:02Z,-8.05414016,-34.94939392,8.350000381469727
2021-08-20T22:40:06Z,-8.05408832,-34.94937088,8.350000381469727
2021-08-20T22:40:10Z,-8.0540352,-34.94934784,8.350000381469727
2021-08-20T22:40:14Z,-8.0539872,-34.9493248,8.350000381469727
2021-08-20T22:40:18Z,-8.05394176,-34.94930688,8.350000381469727
2021-08-20T22:40:22Z,-8.05389376,-34.94927872,8.350000381469727
2021-08-20T22:40:26Z,-8.05384064,-34.94925312,8.350000381469727
2021-08-20T22:40:30Z,-8.053792,-34.94922752,8.350000381469727
2021-08-20T22:40:34Z,-8.05374784,-34.94920448,8.350000381469727
2021-08-20T22:40:38Z,-8.05370112,-34.94918144,8.350000381469727
2021-08-20T22:40:42Z,-8.05364992,-34.94915072,8.350000381469727
2021-08-20T22:40:46Z,-8.05360704,-34.94912,8.350000381469727
2021-08-20T22:40:50Z,-8.05356224,-34.94909696,8.350000381469727
2021-08-20T22:40:54Z,-8.05351232,-34.94906112,8.350000381469727
2021-08-20T22:40:58Z,-8.05346368,-34.94902784,8.350000381469727
2021-08-20T22:41:02Z,-8.05342208,-34.9490048,8.350000381469727
2021-08-20T22:41:07Z,-8.05335872,-34.9489664,8.350000381469727
2021-08-20T22:41:11Z,-8.05330944,-34.94893568,8.350000381469727
2021-08-20T22:41:15Z,-8.0532608,-34.94890496,8.350000381469727
2021-08-20T22:41:19Z,-8.05321408,-34.94887936,8.350000381469727
2021-08-20T22:41:23Z,-8.05317184,-34.94885376,8.350000381469727
2021-08-20T22:41:27Z,-8.05312448,-34.94882304,8.350000381469727
2021-08-20T22:41:31Z,-8.05307776,-34.94879232,8.350000381469727
2021-08-20T22:41:35Z,-8.0530272,-34.94876416,8.350000381469727
2021-08-20T22:41:39Z,-8.05297664,-34.94874624,8.350000381469727
2021-08-20T22:41:43Z,-8.05292416,-34.94871808,8.350000381469727
2021-08-20T22:41:47Z,-8.05287936,-34.94869248,8.350000381469727
2021-08-20T22:41:52Z,-8.05282304,-34.94866688,8.350000381469727
2021-08-20T22:41:56Z,-8.05276864,-34.94864384,8.350000381469727
2021-08-20T22:42:00Z,-8.05271552,-34.94861568,8.350000381469727
2021-08-20T22:42:04Z,-8.05266944,-34.94859008,8.350000381469727
2021-08-20T22:42:08Z,-8.05262464,-34.94856192,8.350000381469727
2021-08-20T22:42:12Z,-8.052576,-34.9485312,8.350000381469727
2021-08-20T22:42:16Z,-8.05252864,-34.94850048,8.350000381469727
2021-08-20T22:42:20Z,-8.05248,-34.94847744,8.350000381469727
2021-08-20T22:42:24Z,-8.05242816,-34.94845696,8.350000381469727
2021-08-20T22:42:28Z,-8.0523808,-34.94842624,8.350000381469727
2021-08-20T22:42:32Z,-8.052336,-34.94839552,8.350000381469727
2021-08-20T22:42:36Z,-8.05229568,-34.948352,7.170000076293945
2021-08-20T22:42:40Z,-8.0522624,-34.94830592,5.989999771118164
2021-08-20T22:42:44Z,-8.05223168,-34.9482624,5.989999771118164
2021-08-20T22:42:48Z,-8.0522144,-34.94821632,5.989999771118164
2021-08-20T22:42:53Z,-8.05218112,-34.94816512,7.260000228881836
2021-08-20T22:42:57Z,-8.05215104,-34.94811904,7.260000228881836
2021-08-20T22:43:01Z,-8.05213376,-34.94806784,8.449999809265137
2021-08-20T22:43:06Z,-8.05210304,-34.94802944,8.449999809265137
2021-08-20T22:43:11Z,-8.05204608,-34.94801664,8.449999809265137
2021-08-20T22:43:15Z,-8.0519904,-34.94801408,8.449999809265137
2021-08-20T22:43:19Z,-8.05193344,-34.94799104,8.449999809265137
2021-08-20T22:43:23Z,-8.05189824,-34.94794752,8.449999809265137
2021-08-20T22:43:27Z,-8.0518752,-34.94790144,8.449999809265137
2021-08-20T22:43:32Z,-8.05185344,-34.94785024,14.479999542236328
2021-08-20T22:43:36Z,-8.0518208,-34.94781184,14.479999542236328
2021-08-20T22:43:41Z,-8.05175808,-34.94779904,14.479999542236328
2021-08-20T22:43:46Z,-8.05169792,-34.94779136,14.479999542236328
2021-08-20T22:43:51Z,-8.05164224,-34.94778112,14.479999542236328
2021-08-20T22:43:56Z,-8.05158976,-34.94777344,14.479999542236328
2021-08-20T22:44:01Z,-8.05152768,-34.94776576,14.479999542236328
2021-08-20T22:44:06Z,-8.051472,-34.94775808,14.479999542236328
2021-08-20T22:44:11Z,-8.05141184,-34.94774528,14.479999542236328
2021-08-20T22:44:15Z,-8.05135424,-34.94773504,14.479999542236328
2021-08-20T22:44:19Z,-8.0512992,-34.94772992,14.479999542236328
2021-08-20T22:44:23Z,-8.05124544,-34.94772992,14.479999542236328
2021-08-20T22:44:27Z,-8.05119296,-34.94772224,14.479999542236328
2021-08-20T22:44:31Z,-8.05113536,-34.94771456,14.479999542236328
2021-08-20T22:44:35Z,-8.05107712,-34.94770432,14.479999542236328
2021-08-20T22:44:39Z,-8.0510208,-34.94770176,14.479999542236328
2021-08-20T22:44:43Z,-8.05095936,-34.94770176,14.479999542236328
2021-08-20T22:44:47Z,-8.05090688,-34.94768896,14.479999542236328
2021-08-20T22:44:51Z,-8.05085632,-34.94767872,14.479999542236328
2021-08-20T22:44:56Z,-8.0507936,-34.94766592,14.479999542236328
2021-08-20T22:45:00Z,-8.05073664,-34.94765824,14.479999542236328
2021-08-20T22:45:04Z,-8.05067712,-34.94765568,14.479999542236328
2021-08-20T22:45:08Z,-8.050624,-34.947648,14.479999542236328
2021-08-20T22:45:12Z,-8.05057152,-34.94764288,14.479999542236328
2021-08-20T22:45:16Z,-8.05051584,-34.94764032,14.479999542236328
2021-08-20T22:45:20Z,-8.05046016,-34.9476352,14.479999542236328
2021-08-20T22:45:24Z,-8.05040448,-34.94762496,14.479999542236328
2021-08-20T22:45:28Z,-8.05034944,-34.94761984,14.479999542236328
2021-08-20T22:45:32Z,-8.05029696,-34.94761216,14.479999542236328
2021-08-20T22:45:36Z,-8.05024448,-34.94760448,14.479999542236328
2021-08-20T22:45:40Z,-8.05018816,-34.94759424,14.479999542236328
2021-08-20T22:45:44Z,-8.0501344,-34.94758144,14.479999542236328
2021-08-20T22:45:48Z,-8.05008192,-34.94757888,14.479999542236328
2021-08-20T22:45:53Z,-8.05001856,-34.9475712,14.479999542236328
2021-08-20T22:45:57Z,-8.04996032,-34.94756352,14.479999542236328
2021-08-20T22:46:01Z,-8.04990784,-34.94756608,14.479999542236328
2021-08-20T22:46:05Z,-8.0498592,-34.94756352,14.479999542236328
2021-08-20T22:46:10Z,-8.04979392,-34.94754816,14.479999542236328
2021-08-20T22:46:14Z,-8.04973888,-34.94754048,14.479999542236328
2021-08-20T22:46:18Z,-8.04968064,-34.9475328,14.479999542236328
2021-08-20T22:46:22Z,-8.04962944,-34.94752768,14.479999542236328
2021-08-20T22:46:26Z,-8.04957888,-34.94752512,14.479999542236328
2021-08-20T22:46:30Z,-8.04952448,-34.94752,14.479999542236328
2021-08-20T22:46:34Z,-8.04946624,-34.94751232,14.479999542236328
2021-08-20T22:46:38Z,-8.04940864,-34.94749184,14.479999542236328
2021-08-20T22:46:42Z,-8.04935808,-34.94746368,14.479999542236328
2021-08-20T22:46:47Z,-8.04930944,-34.94742528,14.479999542236328
2021-08-20T22:46:52Z,-8.04926848,-34.9473792,14.479999542236328
2021-08-20T22:46:56Z,-8.0492256,-34.94733824,14.479999542236328
2021-08-20T22:47:00Z,-8.04918848,-34.94729984,14.479999542236328
2021-08-20T22:47:05Z,-8.0491392,-34.94726912,14.479999542236328
2021-08-20T22:47:10Z,-8.04907392,-34.94726912,14.479999542236328
2021-08-20T22:47:15Z,-8.04902912,-34.94731264,14.479999542236328
2021-08-20T22:47:20Z,-8.04902144,-34.94736384,14.479999542236328
2021-08-20T22:47:25Z,-8.04904576,-34.9474176,14.479999542236328
2021-08-20T22:47:29Z,-8.04907712,-34.94745344,14.479999542236328
2021-08-20T22:47:34Z,-8.0491264,-34.94748672,13.109999656677246
2021-08-20T22:47:39Z,-8.0491808,-34.9474944,13.109999656677246
2021-08-20T22:47:43Z,-8.04923072,-34.9474944,13.109999656677246
2021-08-20T22:47:47Z,-8.0492832,-34.94749952,14.300000190734863
2021-08-20T22:47:51Z,-8.04934016,-34.94749952,14.300000190734863
2021-08-20T22:47:55Z,-8.04939584,-34.9475072,14.300000190734863
2021-08-20T22:47:59Z,-8.04945088,-34.94751232,14.300000190734863
2021-08-20T22:48:03Z,-8.04950336,-34.94751744,14.300000190734863
2021-08-20T22:48:07Z,-8.04955264,-34.94752,14.300000190734863
2021-08-20T22:48:12Z,-8.04961792,-34.94752512,14.300000190734863
2021-08-20T22:48:16Z,-8.04967296,-34.9475328,14.300000190734863
2021-08-20T22:48:20Z,-8.04972544,-34.94754304,14.300000190734863
2021-08-20T22:48:25Z,-8.04977984,-34.94755584,14.300000190734863
2021-08-20T22:48:29Z,-8.04982848,-34.94756608,14.300000190734863
2021-08-20T22:48:33Z,-8.04988224,-34.94757888,14.300000190734863
2021-08-20T22:48:37Z,-8.04993536,-34.94758656,14.300000190734863
2021-08-20T22:48:42Z,-8.04999744,-34.94758912,14.300000190734863
2021-08-20T22:48:46Z,-8.05005568,-34.9475968,14.300000190734863
2021-08-20T22:48:50Z,-8.05011648,-34.9475968,14.300000190734863
2021-08-20T22:48:55Z,-8.05018432,-34.94760192,14.300000190734863
2021-08-20T22:48:59Z,-8.05023296,-34.94760448,14.300000190734863
2021-08-20T22:49:04Z,-8.0502976,-34.94761216,14.300000190734863
2021-08-20T22:49:08Z,-8.05035712,-34.94761728,14.300000190734863
2021-08-20T22:49:12Z,-8.05041152,-34.94761984,14.300000190734863
2021-08-20T22:49:17Z,-8.05047232,-34.94762752,14.300000190734863
2021-08-20T22:49:21Z,-8.05052928,-34.9476352,14.300000190734863
2021-08-20T22:49:25Z,-8.0505856,-34.94764288,14.300000190734863
2021-08-20T22:49:29Z,-8.05063744,-34.94765056,14.300000190734863
2021-08-20T22:49:33Z,-8.05069184,-34.94765824,14.300000190734863
2021-08-20T22:49:37Z,-8.05075264,-34.94766336,14.300000190734863
2021-08-20T22:49:40Z,-8.05079936,-34.94767104,14.300000190734863
2021-08-20T22:49:44Z,-8.0508544,-34.9476864,14.300000190734863
2021-08-20T22:49:48Z,-8.05090048,-34.94769664,14.300000190734863
2021-08-20T22:49:53Z,-8.0509664,-34.94770432,14.300000190734863
2021-08-20T22:49:57Z,-8.0510208,-34.94771456,14.300000190734863
2021-08-20T22:50:02Z,-8.05108544,-34.94772224,14.300000190734863
2021-08-20T22:50:06Z,-8.05114048,-34.94772736,14.300000190734863
2021-08-20T22:50:10Z,-8.05120384,-34.94773504,14.300000190734863
2021-08-20T22:50:14Z,-8.051264,-34.94774528,12.569999694824219
2021-08-20T22:50:18Z,-8.05132032,-34.94776064,9.569999694824219
2021-08-20T22:50:22Z,-8.0513728,-34.94778112,8.390000343322754
2021-08-20T22:50:27Z,-8.05143168,-34.94780416,9.569999694824219
2021-08-20T22:50:32Z,-8.05149376,-34.94781952,10.930000305175781
2021-08-20T22:50:36Z,-8.0515584,-34.9478272,12.300000190734863
2021-08-20T22:50:40Z,-8.05162048,-34.94783488,13.479999542236328
2021-08-20T22:50:44Z,-8.05167296,-34.94783744,13.479999542236328
2021-08-20T22:50:48Z,-8.05172736,-34.94784512,13.479999542236328
2021-08-20T22:50:52Z,-8.0517856,-34.9478656,14.65999984741211
2021-08-20T22:50:56Z,-8.0518272,-34.94789632,14.65999984741211
2021-08-20T22:51:01Z,-8.0518496,-34.94796032,14.65999984741211
2021-08-20T22:51:06Z,-8.05184576,-34.94802176,14.65999984741211
2021-08-20T22:51:10Z,-8.05184064,-34.9480832,14.65999984741211
2021-08-20T22:51:14Z,-8.05183488,-34.94813952,14.65999984741211
2021-08-20T22:51:19Z,-8.0518304,-34.94820096,14.65999984741211
2021-08-20T22:51:23Z,-8.05182528,-34.94825728,14.65999984741211
2021-08-20T22:51:27Z,-8.05182272,-34.94831872,14.65999984741211
2021-08-20T22:51:31Z,-8.05181504,-34.94836736,14.65999984741211
2021-08-20T22:51:36Z,-8.0518048,-34.94843392,14.65999984741211
2021-08-20T22:51:40Z,-8.05178944,-34.94849024,14.65999984741211
2021-08-20T22:51:44Z,-8.05177856,-34.948544,14.65999984741211
2021-08-20T22:51:48Z,-8.05177216,-34.94859264,14.65999984741211
2021-08-20T22:51:53Z,-8.05176,-34.9486592,14.65999984741211
2021-08-20T22:51:57Z,-8.05174912,-34.94871552,14.65999984741211
2021-08-20T22:52:01Z,-8.05174144,-34.94876928,14.65999984741211
2021-08-20T22:52:05Z,-8.05173504,-34.94883072,14.65999984741211
2021-08-20T22:52:10Z,-8.05172608,-34.94890496,14.65999984741211
2021-08-20T22:52:14Z,-8.05171584,-34.94895616,14.65999984741211
2021-08-20T22:52:18Z,-8.05170944,-34.94900992,14.65999984741211
2021-08-20T22:52:22Z,-8.05169792,-34.9490688,14.65999984741211
2021-08-20T22:52:26Z,-8.05168896,-34.94912,14.65999984741211
2021-08-20T22:52:30Z,-8.0516832,-34.949184,14.65999984741211
2021-08-20T22:52:33Z,-8.05167552,-34.94923008,14.65999984741211
2021-08-20T22:52:37Z,-8.05167168,-34.94928384,14.65999984741211
2021-08-20T22:52:41Z,-8.05166656,-34.9493376,14.65999984741211
2021-08-20T22:52:46Z,-8.05165888,-34.9494016,14.65999984741211
2021-08-20T22:52:50Z,-8.0516512,-34.94945536,14.65999984741211
2021-08-20T22:52:54Z,-8.05164032,-34.949504,13.479999542236328
2021-08-20T22:52:58Z,-8.05163584,-34.94956544,13.479999542236328
2021-08-20T22:53:02Z,-8.05162624,-34.94962432,13.479999542236328
2021-08-20T22:53:06Z,-8.05161472,-34.94967296,13.479999542236328
2021-08-20T22:53:10Z,-8.05160896,-34.94972928,13.479999542236328
2021-08-20T22:53:14Z,-8.05160832,-34.94978048,13.479999542236328
2021-08-20T22:53:19Z,-8.05163008,-34.94983936,13.479999542236328
2021-08-20T22:53:23Z,-8.05163968,-34.94989312,14.65999984741211
2021-08-20T22:53:27Z,-8.05163968,-34.94995456,14.65999984741211
2021-08-20T22:53:31Z,-8.05163456,-34.95001856,14.65999984741211
2021-08-20T22:53:35Z,-8.05162112,-34.95007232,14.65999984741211
2021-08-20T22:53:39Z,-8.05161024,-34.95012352,14.65999984741211
2021-08-20T22:53:43Z,-8.05160064,-34.95017728,14.65999984741211
2021-08-20T22:53:47Z,-8.0515936,-34.95024128,14.65999984741211
2021-08-20T22:53:50Z,-8.05158784,-34.95028992,14.65999984741211
2021-08-20T22:53:55Z,-8.05157824,-34.95035136,14.65999984741211
2021-08-20T22:54:00Z,-8.051568,-34.95041536,14.65999984741211
2021-08-20T22:54:04Z,-8.0515584,-34.95047424,14.65999984741211
2021-08-20T22:54:08Z,-8.05154496,-34.95052288,14.65999984741211
2021-08-20T22:54:12Z,-8.05153664,-34.95057664,14.65999984741211
2021-08-20T22:54:17Z,-8.05152064,-34.9506304,14.65999984741211
2021-08-20T22:54:22Z,-8.05149824,-34.95068672,14.65999984741211
2021-08-20T22:54:26Z,-8.05148672,-34.95073792,14.65999984741211
2021-08-20T22:54:30Z,-8.0514784,-34.95079168,14.65999984741211
2021-08-20T22:54:34Z,-8.05147584,-34.95085056,14.65999984741211
2021-08-20T22:54:38Z,-8.051472,-34.95090432,14.65999984741211
2021-08-20T22:54:42Z,-8.0514688,-34.9509632,14.65999984741211
2021-08-20T22:54:46Z,-8.05146112,-34.95101952,14.65999984741211
2021-08-20T22:54:50Z,-8.05145088,-34.95107584,14.65999984741211
2021-08-20T22:54:54Z,-8.05144576,-34.95112192,14.65999984741211
2021-08-20T22:54:59Z,-8.05143552,-34.95118336,14.65999984741211
2021-08-20T22:55:03Z,-8.05142976,-34.951232,14.65999984741211
2021-08-20T22:55:07Z,-8.05142336,-34.95128576,14.65999984741211
2021-08-20T22:55:11Z,-8.05141248,-34.95134464,14.65999984741211
2021-08-20T22:55:15Z,-8.05140032,-34.95140096,14.65999984741211
2021-08-20T22:55:19Z,-8.05139456,-34.95145472,13.479999542236328
2021-08-20T22:55:23Z,-8.05138752,-34.9515264,13.479999542236328
2021-08-20T22:55:26Z,-8.05137664,-34.95157248,13.479999542236328
2021-08-20T22:55:30Z,-8.05136576,-34.95163392,13.479999542236328
2021-08-20T22:55:34Z,-8.0513536,-34.95169024,13.479999542236328
2021-08-20T22:55:38Z,-8.05134656,-34.95174912,13.479999542236328
2021-08-20T22:55:42Z,-8.05134016,-34.951808,13.479999542236328
2021-08-20T22:55:46Z,-8.05133312,-34.95186176,13.479999542236328
2021-08-20T22:55:50Z,-8.05132672,-34.95191552,13.479999542236328
2021-08-20T22:55:54Z,-8.05131904,-34.95197696,13.479999542236328
2021-08-20T22:55:58Z,-8.0513152,-34.95203328,13.479999542236328
2021-08-20T22:56:02Z,-8.05131072,-34.95209216,13.479999542236328
2021-08-20T22:56:06Z,-8.05130112,-34.95214848,13.479999542236328
2021-08-20T22:56:10Z,-8.05129344,-34.95219712,13.479999542236328
2021-08-20T22:56:14Z,-8.05128576,-34.95225088,13.479999542236328
2021-08-20T22:56:18Z,-8.05127552,-34.95230208,13.479999542236328
2021-08-20T22:56:22Z,-8.05126592,-34.95235328,13.479999542236328
2021-08-20T22:56:26Z,-8.05125312,-34.95240704,13.479999542236328
2021-08-20T22:56:30Z,-8.05124736,-34.95246848,13.479999542236328
2021-08-20T22:56:34Z,-8.05124544,-34.95253248,13.479999542236328
2021-08-20T22:56:38Z,-8.05123904,-34.95258624,13.479999542236328
2021-08-20T22:56:43Z,-8.05122944,-34.95264512,13.479999542236328
2021-08-20T22:56:48Z,-8.05121792,-34.95270656,13.479999542236328
2021-08-20T22:56:52Z,-8.05121152,-34.95276288,13.479999542236328
2021-08-20T22:56:56Z,-8.05120576,-34.95282432,13.479999542236328
2021-08-20T22:57:00Z,-8.05119808,-34.95287808,13.479999542236328
2021-08-20T22:57:06Z,-8.05118272,-34.95295232,13.479999542236328
2021-08-20T22:57:10Z,-8.0511712,-34.95301376,13.479999542236328
2021-08-20T22:57:14Z,-8.05116288,-34.95306752,13.479999542236328
2021-08-20T22:57:19Z,-8.05115392,-34.95312896,13.479999542236328
2021-08-20T22:57:23Z,-8.05116096,-34.95317504,13.479999542236328
2021-08-20T22:57:28Z,-8.0512096,-34.95320576,13.479999542236328
2021-08-20T22:57:32Z,-8.0512608,-34.953216,13.479999542236328
2021-08-20T22:57:37Z,-8.05132096,-34.9532288,13.479999542236328
2021-08-20T22:57:42Z,-8.05138112,-34.9532288,13.479999542236328
2021-08-20T22:57:46Z,-8.05143808,-34.9532288,13.479999542236328
2021-08-20T22:57:50Z,-8.0514976,-34.95323136,13.479999542236328
2021-08-20T22:57:54Z,-8.05155584,-34.95323648,13.479999542236328
2021-08-20T22:57:58Z,-8.05161408,-34.95324672,13.479999542236328
2021-08-20T22:58:02Z,-8.05166464,-34.9532544,13.479999542236328
2021-08-20T22:58:07Z,-8.05172544,-34.95325952,13.479999542236328
2021-08-20T22:58:11Z,-8.05178176,-34.95325952,13.479999542236328
2021-08-20T22:58:16Z,-8.05183232,-34.9532288,13.479999542236328
2021-08-20T22:58:21Z,-8.05186176,-34.95317504,13.479999542236328
2021-08-20T22:58:25Z,-8.05187328,-34.95312896,13.479999542236328
2021-08-20T22:58:30Z,-8.05188096,-34.95306752,13.479999542236328
2021-08-20T22:58:34Z,-8.05188864,-34.95300608,13.479999542236328
2021-08-20T22:58:38Z,-8.05189696,-34.95294976,13.479999542236328
2021-08-20T22:58:42Z,-8.05190464,-34.952896,13.479999542236328
2021-08-20T22:58:47Z,-8.05190592,-34.95283456,13.479999542236328
2021-08-20T22:58:51Z,-8.05190592,-34.9527808,13.479999542236328
2021-08-20T22:58:55Z,-8.05190464,-34.95272192,13.479999542236328
2021-08-20T22:58:58Z,-8.051904,-34.95267584,13.479999542236328
2021-08-20T22:59:02Z,-8.05191232,-34.95261696,13.479999542236328
2021-08-20T22:59:06Z,-8.0519264,-34.9525632,13.479999542236328
2021-08-20T22:59:10Z,-8.05193152,-34.952512,13.479999542236328
2021-08-20T22:59:14Z,-8.05193536,-34.95245824,13.479999542236328
2021-08-20T22:59:18Z,-8.05193984,-34.95240704,13.479999542236328
2021-08-20T22:59:23Z,-8.0519456,-34.95235072,13.479999542236328
2021-08-20T22:59:28Z,-8.0519488,-34.95228928,13.479999542236328
2021-08-20T22:59:32Z,-8.05194944,-34.95222784,13.479999542236328
2021-08-20T22:59:36Z,-8.05195456,-34.95216384,13.479999542236328
2021-08-20T22:59:40Z,-8.0519616,-34.9521152,12.300000190734863
2021-08-20T22:59:44Z,-8.05196352,-34.95206144,12.300000190734863
2021-08-20T22:59:49Z,-8.05196736,-34.952,12.300000190734863
2021-08-20T22:59:54Z,-8.05197888,-34.95193088,12.300000190734863
2021-08-20T22:59:58Z,-8.0519808,-34.95186944,12.300000190734863
2021-08-20T23:00:01Z,-8.05198208,-34.95182848,12.300000190734863
2021-08-20T23:00:06Z,-8.0519904,-34.95176704,12.300000190734863
2021-08-20T23:00:11Z,-8.05200128,-34.95169536,12.300000190734863
2021-08-20T23:00:15Z,-8.05200832,-34.95163392,12.300000190734863
2021-08-20T23:00:19Z,-8.0520096,-34.95158016,12.300000190734863
2021-08-20T23:00:23Z,-8.05201216,-34.95153152,12.300000190734863
2021-08-20T23:00:27Z,-8.05201216,-34.95147264,12.300000190734863
2021-08-20T23:00:31Z,-8.05202112,-34.95141632,12.300000190734863
2021-08-20T23:00:35Z,-8.05202368,-34.95136768,12.300000190734863
2021-08-20T23:00:39Z,-8.05202496,-34.9513088,12.300000190734863
2021-08-20T23:00:43Z,-8.05202368,-34.9512448,12.300000190734863
2021-08-20T23:00:47Z,-8.05202688,-34.9511936,12.300000190734863
2021-08-20T23:00:52Z,-8.05202496,-34.9511296,12.300000190734863
2021-08-20T23:00:56Z,-8.05202304,-34.95107328,12.300000190734863
2021-08-20T23:01:00Z,-8.05202304,-34.95101184,12.300000190734863
2021-08-20T23:01:04Z,-8.0520256,-34.95095808,12.300000190734863
2021-08-20T23:01:09Z,-8.05203072,-34.95089664,11.109999656677246
2021-08-20T23:01:14Z,-8.05202752,-34.95083264,8.020000457763672
2021-08-20T23:01:18Z,-8.05202752,-34.9507712,5.019999980926514
2021-08-20T23:01:22Z,-8.05203328,-34.95071488,5.019999980926514
2021-08-20T23:01:26Z,-8.05204224,-34.95066112,6.300000190734863
2021-08-20T23:01:31Z,-8.05204864,-34.95060736,6.300000190734863
2021-08-20T23:01:36Z,-8.0520544,-34.95054592,6.300000190734863
2021-08-20T23:01:40Z,-8.05205376,-34.95049728,10.109999656677246
2021-08-20T23:01:44Z,-8.05204416,-34.95044352,11.390000343322754
2021-08-20T23:01:48Z,-8.05203904,-34.95038976,12.569999694824219
2021-08-20T23:01:53Z,-8.0520448,-34.95032576,12.569999694824219
2021-08-20T23:01:58Z,-8.05205248,-34.950272,12.569999694824219
2021-08-20T23:02:04Z,-8.05206016,-34.95019264,12.569999694824219
2021-08-20T23:02:08Z,-8.052064,-34.95013376,12.569999694824219
2021-08-20T23:02:12Z,-8.05206656,-34.95006976,13.75
2021-08-20T23:02:16Z,-8.05206784,-34.95001344,13.75
2021-08-20T23:02:20Z,-8.05207232,-34.94995968,13.75
2021-08-20T23:02:24Z,-8.05207936,-34.9499136,13.75
2021-08-20T23:02:30Z,-8.05206848,-34.94985472,13.75
2021-08-20T23:02:35Z,-8.0520448,-34.94979584,13.75
2021-08-20T23:02:39Z,-8.05204288,-34.94973696,13.75
2021-08-20T23:02:42Z,-8.05204288,-34.94968832,13.75
2021-08-20T23:02:46Z,-8.05204608,-34.94962688,13.75
2021-08-20T23:02:50Z,-8.05204672,-34.94957056,13.75
2021-08-20T23:02:54Z,-8.0520448,-34.94951936,13.75
2021-08-20T23:02:59Z,-8.0520448,-34.94945536,13.75
2021-08-20T23:03:03Z,-8.0520384,-34.94939904,13.75
2021-08-20T23:03:07Z,-8.05203648,-34.94934016,13.75
2021-08-20T23:03:11Z,-8.05203712,-34.94929152,13.75
2021-08-20T23:03:15Z,-8.05203648,-34.94923776,12.569999694824219
2021-08-20T23:03:19Z,-8.05203712,-34.94918144,12.569999694824219
2021-08-20T23:03:23Z,-8.05204096,-34.94912,12.569999694824219
2021-08-20T23:03:27Z,-8.05204416,-34.94906624,12.569999694824219
2021-08-20T23:03:32Z,-8.05205376,-34.94900224,12.569999694824219
2021-08-20T23:03:37Z,-8.05205632,-34.9489408,12.569999694824219
2021-08-20T23:03:41Z,-8.05206016,-34.94888192,12.569999694824219
2021-08-20T23:03:45Z,-8.05206656,-34.94883072,12.569999694824219
2021-08-20T23:03:49Z,-8.05206848,-34.94877696,12.569999694824219
2021-08-20T23:03:54Z,-8.05207168,-34.9487104,12.569999694824219
2021-08-20T23:03:58Z,-8.05207168,-34.94865408,12.569999694824219
2021-08-20T23:04:02Z,-8.05207232,-34.94859776,12.569999694824219
2021-08-20T23:04:06Z,-8.05208192,-34.948544,12.569999694824219
2021-08-20T23:04:10Z,-8.05209088,-34.9484928,12.569999694824219
2021-08-20T23:04:15Z,-8.05209856,-34.94843648,12.569999694824219
2021-08-20T23:04:20Z,-8.05210112,-34.94837248,12.569999694824219
2021-08-20T23:04:24Z,-8.05210496,-34.9483136,12.569999694824219
2021-08-20T23:04:28Z,-8.05210944,-34.9482624,12.569999694824219
2021-08-20T23:04:33Z,-8.05211648,-34.94819584,12.569999694824219
2021-08-20T23:04:38Z,-8.05212416,-34.94813952,12.569999694824219
2021-08-20T23:04:43Z,-8.05212864,-34.9480832,12.569999694824219
2021-08-20T23:04:48Z,-8.05211328,-34.94802432,12.569999694824219
2021-08-20T23:04:54Z,-8.05205696,-34.94802432,12.569999694824219
2021-08-20T23:04:59Z,-8.05199616,-34.94801664,12.569999694824219
2021-08-20T23:05:03Z,-8.0519488,-34.94799872,12.569999694824219
2021-08-20T23:05:08Z,-8.05189888,-34.94799872,12.569999694824219
2021-08-20T23:05:14Z,-8.05186176,-34.9480448,12.569999694824219
2021-08-20T23:05:20Z,-8.05184448,-34.94811648,12.569999694824219
2021-08-20T23:05:24Z,-8.05184,-34.9481728,12.569999694824219
2021-08-20T23:05:28Z,-8.0518368,-34.94823424,12.569999694824219
2021-08-20T23:05:33Z,-8.05182848,-34.94829568,12.569999694824219
2021-08-20T23:05:38Z,-8.05181696,-34.948352,11.390000343322754
2021-08-20T23:05:43Z,-8.0518048,-34.94840576,11.390000343322754
2021-08-20T23:05:47Z,-8.05179008,-34.94845184,11.390000343322754
