,Unnamed: 0,Activity ID,Activity Date,Activity Name,Activity Type,Activity Description,Elapsed Time,Distance,Max Heart Rate,Filename,Max Speed,Average Speed,Calories,data_ano,data_mes,dia_semana,tempo_min
0,925,10498660575,"Jan 3, 2024, 9:15:34 PM",Caminhada com Bernardo na UFPE,Walk,,5420,6.67,143.0,activities/11234256016.tcx.gz,5.717453002929688,1.2316826581954956,490.0,2024,1,Quarta,90.33333333333331
1,926,10498660618,"Jan 3, 2024, 10:13:33 PM",Corrida na UFPE,Run,,1554,4.07,184.0,activities/11234256144.tcx.gz,17.32539939880371,2.768028736114502,328.0,2024,1,Quarta,25.9
2,927,10498660632,"Jan 4, 2024, 10:53:57 PM",Treino academia P1,Weight Training,,1107,0.0,110.0,activities/11234256231.tcx.gz,0.0,0.0,98.0,2024,1,Quinta,18.45
3,928,10498660755,"Jan 4, 2024, 11:12:46 PM",Treino academia P2,Weight Training,,2870,0.0,131.0,activities/11234256310.tcx.gz,0.0,0.0,316.0,2024,1,Quinta,47.833333333333336
4,929,10528147729,"Jan 9, 2024, 10:27:09 PM",Afternoon Workout,Workout,,4048,0.0,127.0,activities/11265235805.tcx.gz,0.0,0.0,407.0,2024,1,Terca,67.46666666666667
5,930,10528147781,"Jan 5, 2024, 10:01:57 PM",Evening Walk,Walk,,2642,3.79,156.0,activities/11265235750.tcx.gz,3.569122552871704,1.4806172847747805,372.0,2024,1,Sexta,44.03333333333333
6,931,10573497184,"Jan 10, 2024, 9:38:33 PM",Evening Walk,Walk,,1257,2.01,133.0,activities/11312724573.tcx.gz,3.542686939239502,1.6219544410705566,164.0,2024,1,Quarta,20.95
7,932,10573497229,"Jan 10, 2024, 9:59:39 PM",Evening Run,Run,,1781,4.01,195.0,activities/11312724626.tcx.gz,4.231330871582031,2.285318613052368,394.0,2024,1,Quarta,29.683333333333334
8,933,10573497330,"Jan 10, 2024, 10:29:30 PM",Evening Walk,Walk,,938,1.27,183.0,activities/11312724712.tcx.gz,4.523159027099609,1.5324795246124268,189.0,2024,1,Quarta,15.633333333333333
9,934,10573497377,"Jan 11, 2024, 10:09:42 PM",Afternoon Workout,Workout,,3504,0.0,134.0,activities/11312724783.tcx.gz,0.0,0.0,362.0,2024,1,Quinta,58.4
10,935,10573497435,"Jan 16, 2024, 10:39:46 PM",Afternoon Workout,Workout,,2761,0.0,131.0,activities/11312724816.tcx.gz,0.0,0.0,270.0,2024,1,Terca,46.016666666666666
11,936,10597657789,"Jan 17, 2024, 11:06:42 PM",Night Workout,Workout,,765,1.68,,activities/11337656547.tcx.gz,19.49828338623047,26.240121841430664,237.0,2024,1,Quarta,12.75
12,937,10597657884,"Jan 17, 2024, 11:44:04 PM",Afternoon Run,Run,,1438,1.64,176.0,activities/11337656634.tcx.gz,0.0,1.1404728889465332,235.0,2024,1,Quarta,23.966666666666665
13,938,10597658033,"Jan 18, 2024, 11:03:05 PM",Evening Run,Run,,872,2.04,183.0,activities/11337656790.tcx.gz,3.655789375305176,2.535475492477417,180.0,2024,1,Quinta,14.533333333333331
14,939,10597658036,"Jan 18, 2024, 10:41:25 PM",Caminhada de Aquecimento,Walk,,1799,2.0,159.0,activities/11337656715.tcx.gz,3.0823018550872803,1.1143913269042969,197.0,2024,1,Quinta,29.98333333333333
15,940,10597658103,"Jan 18, 2024, 11:18:46 PM",Caminhada de relaxamento,Walk,,1353,2.04,161.0,activities/11337656858.tcx.gz,12.01022720336914,1.509859561920166,184.0,2024,1,Quinta,22.55
16,941,10597658152,"Jan 20, 2024, 10:16:56 PM",Caminhada de Aquecimento,Walk,,1119,1.03,145.0,activities/11337656898.tcx.gz,3.611305475234986,0.9271939396858216,82.0,2024,1,Sabado,18.65
17,942,10597658215,"Jan 20, 2024, 10:27:12 PM",Corrida na UFPE,Run,,1922,5.01,183.0,activities/11337656959.tcx.gz,7.9379448890686035,2.6330320835113525,341.0,2024,1,Sabado,32.03333333333333
18,943,10613872414,"Jan 22, 2024, 10:39:15 PM",Treino academia,Weight Training,,3427,0.0,127.0,activities/11354376361.tcx.gz,0.0,0.0,336.0,2024,1,Segunda,57.11666666666667
19,944,10630355305,"Jan 23, 2024, 11:10:26 PM",Treino academia,Weight Training,,3429,0.0,139.0,activities/11371225673.tcx.gz,0.0,0.0,376.0,2024,1,Terca,57.15
20,945,10630355360,"Jan 25, 2024, 10:43:13 PM",Caminhada de Aquecimento,Walk,,980,1.51,139.0,activities/11371225722.tcx.gz,3.251857280731201,1.5417444705963137,134.0,2024,1,Quinta,16.333333333333332
21,946,10630355442,"Jan 25, 2024, 10:59:43 PM",Corrida rÃÂ¡pida na UFPE,Run,,2047,4.39,183.0,activities/11371225785.tcx.gz,5.827816486358643,2.5007190704345703,406.0,2024,1,Quinta,34.11666666666667
22,947,10671306840,"Jan 27, 2024, 7:19:44 PM",Caminhada na UFPE,Walk,,2114,2.0,126.0,activities/11413618496.tcx.gz,2.534055709838867,0.9475402235984802,176.0,2024,1,Sabado,35.233333333333334
23,948,10671306910,"Jan 29, 2024, 11:42:01 PM",Treino academia,Weight Training,Academia Plataforma - Com Bernardo.,376,0.01,115.0,activities/11413618611.tcx.gz,1.4800000190734863,1.628571391105652,392.0,2024,1,Segunda,6.266666666666667
24,949,10671307020,"Jan 31, 2024, 10:15:48 PM",Treino academia,Weight Training,Academia Plataforma - Com Bernardo.,3698,0.0,146.0,activities/11413618747.tcx.gz,0.0,0.0,381.0,2024,1,Quarta,61.63333333333333
25,950,10671307026,"Jan 30, 2024, 10:32:41 PM",Treino academia,Weight Training,Academia Plataforma - Com Bernardo.,4922,0.0,126.0,activities/11413618675.tcx.gz,0.0,0.0,453.0,2024,1,Terca,82.03333333333333
26,951,10680553892,"Feb 1, 2024, 10:07:18 PM",Treino academia,Weight Training,Academia Plataforma - Com Bernardo.,3993,0.0,130.0,activities/11423114520.tcx.gz,0.0,0.0,443.0,2024,2,Quinta,66.55
27,952,10706997083,"Feb 5, 2024, 10:01:01 PM",Treino academia,Weight Training,Academia Plataforma - Com Bernardo.,5130,0.0,144.0,activities/11450598252.tcx.gz,0.0,0.0,540.0,2024,2,Segunda,85.5
28,953,10714205855,"Feb 6, 2024, 10:17:31 PM",Treino academia,Weight Training,,4294,0.0,123.0,activities/11457987846.tcx.gz,0.0,0.0,383.0,2024,2,Terca,71.56666666666666
29,954,10727415926,"Feb 8, 2024, 10:34:05 PM",Treino academia,Weight Training,,3294,0.0,137.0,activities/11471556149.tcx.gz,0.0,0.0,391.0,2024,2,Quinta,54.9
30,955,10755486876,"Feb 9, 2024, 10:08:15 PM",Treino academia,Workout,,3529,0.0,135.0,activities/11500501515.tcx.gz,0.0,0.0,385.0,2024,2,Sexta,58.81666666666667
31,956,10755487184,"Feb 13, 2024, 2:52:59 PM",Caminhada na UFPE,Walk,,2517,4.11,148.0,activities/11500501664.tcx.gz,5.737579345703125,1.634650707244873,392.0,2024,2,Terca,41.95
32,957,10772649863,"Feb 14, 2024, 10:07:54 PM",Treino academia,Weight Training,Com Bernardo,4868,0.0,131.0,activities/11518165005.tcx.gz,0.0,0.0,526.0,2024,2,Quarta,81.13333333333334
33,958,10772649950,"Feb 15, 2024, 10:24:22 PM",Treino academia,Weight Training,Com Bernardo,3873,0.0,130.0,activities/11518165155.tcx.gz,0.0,0.0,393.0,2024,2,Quinta,64.55
34,959,10797410455,"Feb 16, 2024, 10:12:54 PM",Treino academia,Weight Training,,4804,0.0,135.0,activities/11543769656.tcx.gz,0.0,0.0,536.0,2024,2,Sexta,80.06666666666666
35,960,10797410480,"Feb 19, 2024, 10:53:30 PM",Caminhada de Aquecimento,Walk,,665,1.04,142.0,activities/11543769675.tcx.gz,2.761557340621948,1.5740872621536257,94.0,2024,2,Segunda,11.083333333333334
36,961,10797410593,"Feb 19, 2024, 11:41:45 PM",Caminhada de relaxamento,Walk,,563,0.75,168.0,activities/11543769764.tcx.gz,4.219478130340576,1.334490180015564,108.0,2024,2,Segunda,9.383333333333333
37,962,10797410611,"Feb 19, 2024, 11:04:48 PM",Corrida na UFPE,Run,,2178,5.39,198.0,activities/11543769729.tcx.gz,4.114651203155518,2.7904953956604004,452.0,2024,2,Segunda,36.3
38,963,10810589681,"Feb 20, 2024, 10:16:39 PM",Treino academia,Weight Training,,3673,0.0,180.0,activities/11557308845.tcx.gz,0.0,0.0,420.0,2024,2,Terca,61.21666666666667
39,964,10829771107,"Feb 22, 2024, 10:39:36 PM",Caminhada de Aquecimento,Walk,,690,1.07,153.0,activities/11577057772.tcx.gz,3.06449294090271,1.5522578954696655,110.0,2024,2,Quinta,11.5
40,965,10829771164,"Feb 23, 2024, 10:27:25 PM",Treino academia,Weight Training,,2662,0.0,136.0,activities/11577057886.tcx.gz,0.0,0.0,291.0,2024,2,Sexta,44.36666666666667
41,966,10829771213,"Feb 22, 2024, 10:51:14 PM",Corrida na UFPE,Run,,2687,5.38,182.0,activities/11577057845.tcx.gz,3.8887884616851807,2.757615566253662,347.0,2024,2,Quinta,44.78333333333333
42,967,10844427780,"Feb 26, 2024, 10:20:17 PM",Treino academia,Weight Training,,3772,0.0,133.0,activities/11592293926.tcx.gz,0.0,0.0,378.0,2024,2,Segunda,62.86666666666667
43,968,10861522698,"Feb 28, 2024, 10:17:06 PM",Caminhada de Aquecimento,Walk,,1123,1.29,137.0,activities/11609891709.tcx.gz,4.058834075927734,1.154292106628418,131.0,2024,2,Quarta,18.716666666666665
44,969,10861522794,"Feb 28, 2024, 10:32:45 PM",Corrida na UFPE,Run,,2932,5.42,180.0,activities/11609891798.tcx.gz,5.554662227630615,2.7305221557617188,294.0,2024,2,Quarta,48.86666666666667
45,970,10873775662,"Mar 1, 2024, 10:38:25 PM",Caminhada de Aquecimento,Walk,,2122,2.71,144.0,activities/11622506910.tcx.gz,3.1226072311401367,1.2808624505996704,197.0,2024,3,Sexta,35.36666666666667
46,971,10873775864,"Mar 1, 2024, 11:01:14 PM",Corrida na UFPE,Run,,2408,5.38,189.0,activities/11622507023.tcx.gz,3.595190048217773,2.722473621368408,426.0,2024,3,Sexta,40.13333333333333
47,972,10895273628,"Mar 4, 2024, 10:07:08 PM",Treino academia,Weight Training,,3792,0.0,139.0,activities/11650141474.tcx.gz,0.0,0.0,442.0,2024,3,Segunda,63.2
48,973,10913657548,"Mar 7, 2024, 9:53:53 PM",Caminhada de Aquecimento,Walk,,968,1.36,163.0,activities/11669903884.tcx.gz,9.905826568603516,1.4039876461029053,135.0,2024,3,Quinta,16.133333333333333
49,974,10913657648,"Mar 7, 2024, 10:10:58 PM",Corrida na UFPE,Run,,3094,4.87,176.0,activities/11669903934.tcx.gz,4.844024181365967,3.357429981231689,294.0,2024,3,Quinta,51.56666666666667
50,975,10960886174,"Mar 10, 2024, 2:20:53 PM",Caminhada na UFPE,Walk,,2454,3.08,155.0,activities/11718934797.tcx.gz,2.285018920898437,1.2558720111846924,295.0,2024,3,Domingo,40.9
51,976,10960886212,"Mar 13, 2024, 10:05:07 PM",Treino academia,Weight Training,,3856,0.0,113.0,activities/11718934913.tcx.gz,0.0,0.0,309.0,2024,3,Quarta,64.26666666666667
52,977,10975390337,"Mar 15, 2024, 10:05:18 PM",Treino academia,Weight Training,,4956,0.0,178.0,activities/11733969018.tcx.gz,0.0,0.0,597.0,2024,3,Sexta,82.6
53,978,10975390374,"Mar 16, 2024, 10:09:57 PM",Caminhada de Aquecimento,Walk,,1274,2.02,156.0,activities/11733969058.tcx.gz,2.7196297645568848,1.5898901224136353,195.0,2024,3,Sabado,21.23333333333333
54,979,10975390409,"Mar 16, 2024, 10:31:26 PM",Corrida na UFPE,Run,,1996,4.4,180.0,activities/11733969100.tcx.gz,4.562061309814453,2.875439167022705,343.0,2024,3,Sabado,33.266666666666666
55,980,10992528573,"Mar 18, 2024, 10:12:13 PM",Caminhada de Aquecimento,Walk,,1089,1.02,134.0,activities/11752149972.tcx.gz,2.4161415100097656,0.9391919374465942,89.0,2024,3,Segunda,18.15
56,981,10992528760,"Mar 18, 2024, 10:26:14 PM",Corrida na UFPE,Run,,3312,5.32,189.0,activities/11752150081.tcx.gz,3.395524978637696,2.461360454559326,458.0,2024,3,Segunda,55.2
57,982,11007140554,"Mar 20, 2024, 9:54:44 PM",Treino academia,Weight Training,,3618,0.0,139.0,activities/11767138138.tcx.gz,0.0,0.0,365.0,2024,3,Quarta,60.3
58,983,11014157805,"Mar 21, 2024, 9:45:35 PM",Caminhada de Aquecimento,Walk,,653,1.05,131.0,activities/11774410213.tcx.gz,3.175801515579224,1.6072696447372437,88.0,2024,3,Quinta,10.883333333333333
59,984,11014157945,"Mar 21, 2024, 9:56:36 PM",Corrida na UFPE,Run,,2068,5.21,202.0,activities/11774410319.tcx.gz,3.688196659088135,2.538540363311768,429.0,2024,3,Quinta,34.46666666666667
60,985,11031437670,"Mar 24, 2024, 8:36:08 PM",Caminhada vespertina,Walk,,2190,3.44,,activities/11031437670.gpx,4.619999885559082,1.7088701725006104,300.8343200683594,2024,3,Domingo,36.5
61,986,11041610065,"Mar 22, 2024, 9:49:50 PM",Treino academia,Weight Training,,4794,0.0,128.0,activities/11802704991.tcx.gz,0.0,0.0,417.0,2024,3,Sexta,79.9
62,987,11041610151,"Mar 25, 2024, 10:14:03 PM",Treino academia,Weight Training,,4294,0.0,131.0,activities/11802705098.tcx.gz,0.0,0.0,424.0,2024,3,Segunda,71.56666666666666
63,988,11054726746,"Mar 26, 2024, 10:35:01 PM",Treino academia,Weight Training,,3228,0.0,136.0,activities/11816752450.tcx.gz,0.0,0.0,364.0,2024,3,Terca,53.8
64,989,11054727037,"Mar 27, 2024, 10:40:04 PM",Corrida na UFPE,Run,,1862,4.56,186.0,activities/11816752700.tcx.gz,5.502195835113525,2.7803955078125,395.0,2024,3,Quarta,31.03333333333333
65,990,11054727137,"Mar 27, 2024, 10:14:43 PM",Caminhada de Aquecimento,Walk,,1509,2.04,141.0,activities/11816752579.tcx.gz,2.528540849685669,1.3513386249542236,176.0,2024,3,Quarta,25.15
66,991,11087134874,"Mar 28, 2024, 10:45:37 PM",Treino academia,Weight Training,,3327,0.0,148.0,activities/11851545481.tcx.gz,0.0,0.0,362.0,2024,3,Quinta,55.45
67,992,11087134943,"Apr 1, 2024, 10:39:42 PM",Caminhada de Aquecimento,Walk,,595,1.0,135.0,activities/11851545525.tcx.gz,4.177728176116943,1.682252049446106,78.0,2024,4,Segunda,9.916666666666666
68,993,11087135047,"Apr 1, 2024, 10:49:44 PM",Corrida na UFPE,Run,,2145,5.18,188.0,activities/11851545636.tcx.gz,5.769942760467529,2.595410346984864,476.0,2024,4,Segunda,35.75
69,994,11100339119,"Apr 2, 2024, 9:56:01 PM",Treino academia,Weight Training,,3547,0.0,133.0,activities/11865306147.tcx.gz,0.0,0.0,383.0,2024,4,Terca,59.11666666666667
70,995,11108802336,"Apr 4, 2024, 11:13:46 PM",Caminhada de Aquecimento,Walk,,607,1.0,142.0,activities/11873975080.tcx.gz,2.434587240219116,1.6529541015625,67.0,2024,4,Quinta,10.116666666666667
71,996,11108802774,"Apr 4, 2024, 11:23:59 PM",Corrida rÃÂ¡pida na UFPE,Run,,1644,4.19,137.0,activities/11873975124.tcx.gz,3.9573609828948975,2.703861951828003,212.0,2024,4,Quinta,27.4
72,997,11138624831,"Apr 6, 2024, 9:43:34 PM",Caminhada de Aquecimento,Walk,,1751,2.01,139.0,activities/11904814359.tcx.gz,2.456912040710449,1.1478469371795654,187.0,2024,4,Sabado,29.183333333333334
73,998,11138624853,"Apr 6, 2024, 10:04:25 PM",Corrida rÃÂ¡pida na UFPE,Run,,1152,3.14,184.0,activities/11904814398.tcx.gz,4.574597358703613,2.93441128730774,254.0,2024,4,Sabado,19.2
74,999,11138624866,"Apr 8, 2024, 9:41:07 PM",Treino academia,Weight Training,,3184,0.0,121.0,activities/11904814422.tcx.gz,0.0,0.0,284.0,2024,4,Segunda,53.06666666666667
75,1000,11157205058,"Apr 10, 2024, 10:09:19 PM",Treino academia,Weight Training,,3236,0.0,126.0,activities/11923880385.tcx.gz,0.0,0.0,326.0,2024,4,Quarta,53.93333333333333
76,1001,11202818926,"Apr 12, 2024, 9:27:35 PM",Treino academia,Weight Training,,4160,0.0,131.0,activities/11970790427.tcx.gz,0.0,0.0,416.0,2024,4,Sexta,69.33333333333333
77,1002,11202818990,"Apr 13, 2024, 9:36:44 PM",Evening Walk,Walk,,1314,2.09,156.0,activities/11970790465.tcx.gz,2.7619738578796387,1.6158720254898071,214.0,2024,4,Sabado,21.9
78,1003,11202819045,"Apr 13, 2024, 9:59:43 PM",Evening Run,Run,,1246,3.09,178.0,activities/11970790514.tcx.gz,4.2329864501953125,2.7377212047576904,239.0,2024,4,Sabado,20.766666666666666
79,1004,11202819111,"Apr 15, 2024, 9:54:34 PM",Evening Walk,Walk,,2666,4.28,159.0,activities/11970790574.tcx.gz,2.4307305812835693,1.6158639192581177,466.0,2024,4,Segunda,44.43333333333333
80,1005,11206782392,"Apr 17, 2024, 10:21:19 PM",Treino academia,Weight Training,,377,0.0,118.0,activities/11974832772.tcx.gz,0.0,0.0,31.0,2024,4,Quarta,6.283333333333333
81,1006,11206782410,"Apr 17, 2024, 10:27:45 PM",Treino academia,Weight Training,,3672,0.0,122.0,activities/11974832809.tcx.gz,0.0,0.0,327.0,2024,4,Quarta,61.2
82,1007,11216993729,"Apr 18, 2024, 10:01:35 PM",Evening Walk,Walk,,1337,2.0,153.0,activities/11985324982.tcx.gz,2.56773328781128,1.592615842819214,195.0,2024,4,Quinta,22.28333333333333
83,1008,11216993847,"Apr 18, 2024, 10:24:02 PM",Evening Run,Run,,2169,5.33,194.0,activities/11985325072.tcx.gz,4.85413932800293,2.802299976348877,431.0,2024,4,Quinta,36.15
84,1009,11257842876,"Apr 22, 2024, 10:23:21 PM",Treino academia,Weight Training,,1966,0.0,121.0,activities/12027385152.tcx.gz,0.0,0.0,188.0,2024,4,Segunda,32.766666666666666
85,1010,11257842947,"Apr 22, 2024, 10:56:29 PM",Treino academia,Weight Training,,1219,0.0,126.0,activities/12027385200.tcx.gz,0.0,0.0,128.0,2024,4,Segunda,20.316666666666663
86,1011,11257842975,"Apr 23, 2024, 10:09:59 PM",Treino academia,Weight Training,,4152,0.0,119.0,activities/12027385255.tcx.gz,0.0,0.0,366.0,2024,4,Terca,69.2
87,1012,11268494534,"Apr 25, 2024, 10:58:25 PM",Evening Walk,Walk,,1295,1.02,139.0,activities/12038579908.tcx.gz,7.74855899810791,1.6777093410491943,86.0,2024,4,Quinta,21.58333333333333
88,1013,11268494702,"Apr 25, 2024, 11:11:39 PM",Evening Run,Run,,2377,5.1,187.0,activities/12038580000.tcx.gz,3.777168273925781,2.625765562057495,461.0,2024,4,Quinta,39.61666666666667
89,1014,11271284589,"Apr 26, 2024, 10:04:39 PM",Treino academia,Weight Training,,3115,0.0,127.0,activities/12041456528.tcx.gz,0.0,0.0,315.0,2024,4,Sexta,51.91666666666666
90,1015,11321909365,"Apr 29, 2024, 10:50:10 PM",Evening Walk,Walk,,778,1.15,138.0,activities/12093538094.tcx.gz,3.450265884399414,1.512508749961853,113.0,2024,4,Segunda,12.966666666666669
91,1016,11321909519,"Apr 29, 2024, 11:03:15 PM",Evening Run,Run,,1756,4.15,188.0,activities/12093538213.tcx.gz,3.5330114364624023,2.499035596847534,365.0,2024,4,Segunda,29.266666666666666
92,1017,11321909664,"May 1, 2024, 10:32:50 PM",Evening Walk,Walk,,1211,2.01,158.0,activities/12093538339.tcx.gz,2.568295955657959,1.6599035263061523,206.0,2024,5,Quarta,20.183333333333334
93,1018,11321909706,"May 1, 2024, 10:53:15 PM",Evening Run,Run,,1572,4.28,189.0,activities/12093538453.tcx.gz,4.287753105163574,2.8512182235717773,337.0,2024,5,Quarta,26.2
94,1019,11357452663,"May 3, 2024, 10:20:16 PM",Treino academia,Weight Training,,3658,0.0,124.0,activities/12130071872.tcx.gz,0.0,0.0,344.0,2024,5,Sexta,60.96666666666667
95,1020,11357460937,"May 7, 2024, 10:44:42 PM",Evening Walk,Walk,,899,1.01,129.0,activities/12130080494.tcx.gz,3.100105762481689,1.545823574066162,89.0,2024,5,Terca,14.983333333333333
96,1021,11357461144,"May 7, 2024, 10:55:34 PM",Evening Run,Run,,2901,6.41,181.0,activities/12130080673.tcx.gz,4.056646823883057,2.6988332271575928,529.0,2024,5,Terca,48.35
97,1022,11379564288,"May 9, 2024, 10:59:54 PM",Evening Walk,Walk,,642,1.05,131.0,activities/12152820438.tcx.gz,3.568645000457764,1.6447757482528689,89.0,2024,5,Quinta,10.7
98,1023,11379564547,"May 9, 2024, 11:10:42 PM",Evening Run,Run,,2076,5.36,178.0,activities/12152820638.tcx.gz,4.431920528411865,2.790476560592652,398.0,2024,5,Quinta,34.6
99,1024,11380649106,"May 10, 2024, 10:22:57 PM",Treino academia,Weight Training,,3735,0.0,130.0,activities/12153935135.tcx.gz,0.0,0.0,350.0,2024,5,Sexta,62.25
100,1025,11394659690,"May 12, 2024, 2:12:14 PM",Caminhada da hora do almoÃÂ§o,Hike,,3009,4.68,,activities/11394659690.gpx,2.947998046875,1.6590464115142822,408.2806091308594,2024,5,Domingo,50.15
101,1026,11408830140,"May 11, 2024, 8:14:27 PM",Afternoon Walk,Walk,,2180,2.85,171.0,activities/12183003258.tcx.gz,2.518497943878174,1.5203372240066528,373.0,2024,5,Sabado,36.333333333333336
102,1027,11408830175,"May 13, 2024, 10:06:41 PM",Treino academia,Weight Training,,3807,0.0,120.0,activities/12183003330.tcx.gz,0.0,0.0,348.0,2024,5,Segunda,63.45
103,1028,11423839217,"May 15, 2024, 10:07:43 PM",Treino academia,Weight Training,,3651,0.0,129.0,activities/12198401897.tcx.gz,0.0,0.0,373.0,2024,5,Quarta,60.85
104,1029,11428424819,"May 16, 2024, 10:12:16 PM",Evening Walk,Walk,,748,1.09,137.0,activities/12203099453.tcx.gz,5.579860687255859,1.52492094039917,89.0,2024,5,Quinta,12.466666666666669
105,1030,11428429670,"May 16, 2024, 10:24:51 PM",Evening Run,Run,,3304,6.41,186.0,activities/12203104382.tcx.gz,3.8985884189605713,2.6873013973236084,527.0,2024,5,Quinta,55.06666666666667
106,1031,11468071942,"May 17, 2024, 10:25:15 PM",Treino academia,Weight Training,,3611,0.0,126.0,activities/12243985472.tcx.gz,0.0,0.0,344.0,2024,5,Sexta,60.18333333333333
107,1032,11468071986,"May 21, 2024, 10:34:01 PM",Evening Walk,Walk,,675,1.03,126.0,activities/12243985496.tcx.gz,4.623502731323242,1.5357705354690552,68.0,2024,5,Terca,11.25
108,1033,11468072060,"May 21, 2024, 10:45:28 PM",Evening Run,Run,,4154,6.51,184.0,activities/12243985526.tcx.gz,4.1881914138793945,2.738884449005127,519.0,2024,5,Terca,69.23333333333333
109,1034,11479062546,"May 22, 2024, 10:21:29 PM",Treino academia,Weight Training,,3423,0.0,132.0,activities/12255293231.tcx.gz,0.0,0.0,324.0,2024,5,Quarta,57.05
110,1035,11483044763,"May 23, 2024, 10:28:38 PM",Evening Walk,Walk,,1219,1.09,142.0,activities/12259374738.tcx.gz,2.56790828704834,1.6000598669052124,102.0,2024,5,Quinta,20.316666666666663
111,1036,11483044902,"May 23, 2024, 10:40:33 PM",Evening Run,Run,,3312,6.44,185.0,activities/12259374803.tcx.gz,9.1947603225708,2.751826763153076,523.0,2024,5,Quinta,55.2
112,1037,11489894024,"May 24, 2024, 10:01:01 PM",Treino academia,Weight Training,,4181,0.0,133.0,activities/12266441848.tcx.gz,0.0,0.0,441.0,2024,5,Sexta,69.68333333333334
113,1038,11536548593,"May 27, 2024, 10:30:31 PM",Treino academia,Weight Training,,3810,0.0,118.0,activities/12314561380.tcx.gz,0.0,0.0,331.0,2024,5,Segunda,63.5
114,1039,11536548667,"May 29, 2024, 10:36:12 PM",Treino academia,Weight Training,,4077,0.0,139.0,activities/12314561452.tcx.gz,0.0,0.0,388.0,2024,5,Quarta,67.95
115,1040,11536548768,"May 30, 2024, 9:42:12 PM",Evening Walk,Walk,,721,1.03,148.0,activities/12314561527.tcx.gz,3.2163732051849365,1.5672218799591064,120.0,2024,5,Quinta,12.016666666666667
116,1041,11536548859,"May 30, 2024, 9:55:19 PM",Evening Run,Run,,1384,3.28,190.0,activities/12314561615.tcx.gz,3.491916418075561,2.779814004898072,251.0,2024,5,Quinta,23.066666666666663
117,1042,11536548915,"May 30, 2024, 10:18:34 PM",Evening Walk,Walk,,424,0.6,171.0,activities/12314561676.tcx.gz,2.3014652729034424,1.47417950630188,86.0,2024,5,Quinta,7.066666666666666
118,1043,11567441030,"Jun 3, 2024, 9:43:15 PM",Treino academia,Weight Training,,3877,0.0,139.0,activities/12346409798.tcx.gz,0.0,0.0,411.0,2024,6,Segunda,64.61666666666666
119,1044,11584255989,"Jun 4, 2024, 10:06:44 PM",Evening Walk,Walk,,624,1.08,129.0,activities/12363668235.tcx.gz,3.716999530792236,1.779633641242981,74.0,2024,6,Terca,10.4
120,1045,11584256068,"Jun 4, 2024, 10:17:27 PM",Evening Run,Run,,412,1.04,177.0,activities/12363668289.tcx.gz,3.738247156143189,2.540728807449341,85.0,2024,6,Terca,6.866666666666666
121,1046,11584256227,"Jun 4, 2024, 10:45:01 PM",Evening Run,Run,,1652,1.8,180.0,activities/12363668372.tcx.gz,3.181718349456787,2.1083037853240967,183.0,2024,6,Terca,27.53333333333333
122,1047,11592252876,"Jun 6, 2024, 10:32:32 PM",Treino academia,Workout,,4288,0.0,164.0,activities/12371859222.tcx.gz,0.0,0.0,477.0,2024,6,Quinta,71.46666666666667
123,1048,11626356554,"Jun 9, 2024, 6:20:09 PM",Caminhada da tarde na UFPE,Walk,,2120,3.28,177.0,activities/12407017450.tcx.gz,11.023611068725586,1.5485801696777344,320.0,2024,6,Domingo,35.333333333333336
124,1049,11626356692,"Jun 10, 2024, 10:23:38 PM",Treino academia,Weight Training,,4991,0.0,138.0,activities/12407017621.tcx.gz,0.0,0.0,505.0,2024,6,Segunda,83.18333333333334
125,1050,11631311408,"Jun 11, 2024, 10:11:12 PM",Evening Run,Run,,3846,7.72,195.0,activities/12412090558.tcx.gz,3.9628031253814697,2.7442641258239746,681.0,2024,6,Terca,64.1
126,1051,11650210913,"Jun 13, 2024, 9:55:58 PM",Afternoon Workout,Workout,,1222,0.0,110.0,activities/12431510218.tcx.gz,0.0,0.0,108.0,2024,6,Quinta,20.366666666666667
127,1052,11650211040,"Jun 13, 2024, 10:16:42 PM",Afternoon Workout,Workout,,2126,0.0,127.0,activities/12431510281.tcx.gz,0.0,0.0,215.0,2024,6,Quinta,35.43333333333333
128,1053,11668738182,"Jun 16, 2024, 3:19:24 PM",Lunch Walk,Walk,,652,1.03,138.0,activities/12450646854.tcx.gz,2.456713914871216,1.6177130937576294,86.0,2024,6,Domingo,10.866666666666667
129,1054,11668738327,"Jun 16, 2024, 3:30:26 PM",Lunch Run,Run,,2396,5.0,188.0,activities/12450646941.tcx.gz,4.005472660064697,2.3002424240112305,533.0,2024,6,Domingo,39.93333333333333
130,1055,11677069975,"Jun 17, 2024, 10:41:07 PM",Evening Walk,Walk,,686,0.96,137.0,activities/12459231277.tcx.gz,2.491178035736084,1.5526487827301023,101.0,2024,6,Segunda,11.433333333333334
131,1056,11677070279,"Jun 17, 2024, 10:52:41 PM",Evening Run,Run,,1807,4.54,187.0,activities/12459231556.tcx.gz,4.177655220031738,2.6018059253692627,408.0,2024,6,Segunda,30.116666666666667
132,1057,11677070316,"Jun 17, 2024, 11:23:18 PM",Evening Walk,Walk,,664,1.01,176.0,activities/12459231640.tcx.gz,6.368400573730469,1.7238595485687256,126.0,2024,6,Segunda,11.066666666666666
133,1058,11685660396,"Jun 18, 2024, 10:16:05 PM",Afternoon Workout,Workout,,3593,0.0,175.0,activities/12468057462.tcx.gz,0.0,0.0,,2024,6,Terca,59.88333333333333
134,1059,11731529499,"Jun 20, 2024, 3:50:56 PM",Morning Workout,Workout,,3193,0.0,126.0,activities/12515336916.tcx.gz,0.0,0.0,,2024,6,Quinta,53.21666666666667
135,1060,11731529551,"Jun 24, 2024, 9:37:06 PM",Evening Walk,Walk,,982,1.12,131.0,activities/12515337001.tcx.gz,7.863224029541016,1.596727967262268,98.47987365722656,2024,6,Segunda,16.366666666666667
136,1061,11731529666,"Jun 24, 2024, 9:49:20 PM",Evening Run,Run,,1828,4.68,180.0,activities/12515337090.tcx.gz,4.170971393585205,2.631627559661865,409.103271484375,2024,6,Segunda,30.466666666666665
137,1062,11748358259,"Jun 25, 2024, 10:57:47 PM",Afternoon Workout,Workout,,7046,0.0,120.0,activities/12532499526.tcx.gz,0.0,0.0,397.0,2024,6,Terca,117.43333333333334
138,1063,11748358263,"Jun 26, 2024, 10:46:51 PM",Evening Walk,Walk,,1589,2.05,129.0,activities/12532499491.tcx.gz,2.414987802505493,1.5418890714645386,180.0,2024,6,Quarta,26.48333333333333
139,1064,11748358515,"Jun 26, 2024, 11:09:27 PM",Evening Run,Run,,1844,4.52,183.0,activities/12532499763.tcx.gz,3.670996904373169,2.466146230697632,401.0,2024,6,Quarta,30.73333333333333
140,1065,11756365220,"Jun 27, 2024, 9:55:20 PM",Afternoon Workout,Workout,,3435,0.0,139.0,activities/12540748476.tcx.gz,0.0,0.0,405.0,2024,6,Quinta,57.25
141,1066,11776561024,"Jun 30, 2024, 2:13:49 PM",Lunch Walk,Walk,,190,0.18,112.0,activities/12561647298.tcx.gz,1.9031294584274288,1.0927815437316897,18.0,2024,6,Domingo,3.1666666666666665
142,1067,11776561463,"Jun 30, 2024, 2:29:31 PM",Lunch Walk,Walk,,718,1.12,133.0,activities/12561647655.tcx.gz,3.7133986949920654,1.5946807861328125,78.0,2024,6,Domingo,11.966666666666669
143,1068,11776562008,"Jun 30, 2024, 2:43:39 PM",Lunch Run,Run,,1844,4.46,183.0,activities/12561648146.tcx.gz,3.965558290481568,2.447908878326416,405.0,2024,6,Domingo,30.73333333333333
144,1069,11811122503,"Jul 1, 2024, 11:10:16 PM",Afternoon Workout,Workout,,3218,0.0,147.0,activities/12597272369.tcx.gz,0.0,0.0,326.0,2024,7,Segunda,53.63333333333333
145,1070,11811122514,"Jul 4, 2024, 10:11:49 PM",Evening Walk,Walk,,1614,2.1,135.0,activities/12597272410.tcx.gz,8.551996231079102,1.685284972190857,156.0,2024,7,Quinta,26.9
146,1071,11811122607,"Jul 4, 2024, 10:34:54 PM",Evening Run,Run,,2536,4.99,189.0,activities/12597272461.tcx.gz,5.173280715942383,2.4894790649414062,406.0,2024,7,Quinta,42.266666666666666
147,1072,11849691188,"Jul 5, 2024, 9:46:58 PM",Afternoon Workout,Workout,,3871,0.0,131.0,activities/12637155135.tcx.gz,0.0,0.0,405.0,2024,7,Sexta,64.51666666666667
148,1073,11850129875,"Jul 9, 2024, 10:24:30 PM",Evening Walk,Walk,,706,1.09,131.0,activities/12637603449.tcx.gz,2.295259714126587,1.6039800643920898,89.0,2024,7,Terca,11.766666666666667
149,1074,11850130028,"Jul 9, 2024, 10:36:31 PM",Evening Run,Run,,2545,2.74,177.0,activities/12637603612.tcx.gz,3.267364978790283,5.87352180480957,92.0,2024,7,Terca,42.41666666666666
150,1075,11866611609,"Jul 10, 2024, 10:06:05 PM",Afternoon Workout,Workout,,3920,0.0,127.0,activities/12654652298.tcx.gz,0.0,0.0,391.0,2024,7,Quarta,65.33333333333333
151,1076,11866611726,"Jul 11, 2024, 10:25:29 PM",Evening Walk,Walk,,1017,1.52,132.0,activities/12654652378.tcx.gz,2.9690511226654053,1.5016865730285645,139.0,2024,7,Quinta,16.95
152,1077,11866611855,"Jul 11, 2024, 10:42:33 PM",Evening Run,Run,,2028,5.02,183.0,activities/12654652461.tcx.gz,4.340822696685791,2.505793809890747,412.0,2024,7,Quinta,33.8
153,1078,11873634081,"Jul 12, 2024, 10:52:45 PM",Afternoon Workout,Workout,,5253,0.0,167.0,activities/12661925956.tcx.gz,0.0,0.0,639.0,2024,7,Sexta,87.55
154,1079,11882240547,"Jul 13, 2024, 9:55:01 PM",Evening Walk,Walk,,696,1.07,134.0,activities/12670871742.tcx.gz,4.068967342376709,1.5413793325424194,102.0,2024,7,Sabado,11.6
155,1080,11882240627,"Jul 13, 2024, 10:06:49 PM",Evening Run,Run,,3311,7.5,183.0,activities/12670871794.tcx.gz,4.57486629486084,2.286536693572998,682.0,2024,7,Sabado,55.18333333333333
156,1081,11905694272,"Jul 16, 2024, 9:00:48 PM",Evening Walk,Walk,,676,1.05,129.0,activities/12695154169.tcx.gz,2.918042659759521,1.6064963340759275,91.0,2024,7,Terca,11.266666666666667
157,1082,11905694465,"Jul 16, 2024, 9:13:11 PM",Evening Run,Run,,1874,5.0,191.0,activities/12695154255.tcx.gz,4.343155384063721,2.6789469718933105,407.0,2024,7,Terca,31.23333333333333
158,1083,11923826952,"Jul 17, 2024, 10:37:34 PM",Afternoon Workout,Workout,,535,0.0,134.0,activities/12713928290.tcx.gz,0.0,0.0,62.0,2024,7,Quarta,8.916666666666666
159,1084,11923827105,"Jul 17, 2024, 10:46:55 PM",Afternoon Workout,Workout,,3451,0.0,132.0,activities/12713928450.tcx.gz,0.0,0.0,364.0,2024,7,Quarta,57.516666666666666
160,1085,11923827368,"Jul 18, 2024, 10:46:56 PM",Evening Walk,Walk,,1384,1.98,148.0,activities/12713928670.tcx.gz,2.9721052646636963,1.4652115106582642,202.0,2024,7,Quinta,23.066666666666663
161,1086,11923827495,"Jul 18, 2024, 11:10:09 PM",Evening Run,Run,,2159,5.02,190.0,activities/12713928810.tcx.gz,3.4726037979125977,2.338935613632202,453.0,2024,7,Quinta,35.983333333333334
162,1087,11956254900,"Jul 22, 2024, 9:42:25 PM",Afternoon Workout,Workout,,3653,0.0,136.0,activities/12747659777.tcx.gz,0.0,0.0,414.0,2024,7,Segunda,60.88333333333333
163,1088,11956254983,"Jul 21, 2024, 3:36:35 PM",Lunch Walk,Walk,,3103,5.0,186.0,activities/12747659720.tcx.gz,3.237003803253174,1.62578022480011,485.0,2024,7,Domingo,51.71666666666667
164,1089,11964594631,"Jul 23, 2024, 9:48:52 PM",Evening Walk,Walk,,777,1.14,131.0,activities/12756287233.tcx.gz,2.507842779159546,1.517612338066101,108.0,2024,7,Terca,12.95
165,1090,11964594708,"Jul 23, 2024, 10:01:58 PM",Evening Run,Run,,1977,5.0,180.0,activities/12756287324.tcx.gz,4.051482200622559,2.5960030555725098,391.0,2024,7,Terca,32.95
166,1091,11989255315,"Jul 25, 2024, 9:14:32 PM",Evening Walk,Walk,,2252,3.12,139.0,activities/12781877674.tcx.gz,15.562171936035156,2.006309509277344,230.0,2024,7,Quinta,37.53333333333333
167,1092,11989255355,"Jul 25, 2024, 9:44:29 PM",Evening Walk,Walk,,1183,1.69,137.0,activities/12781877704.tcx.gz,4.411818504333496,1.4319369792938232,168.0,2024,7,Quinta,19.716666666666665
168,1093,11989255480,"Jul 26, 2024, 10:10:18 PM",Evening Walk,Walk,,2649,4.04,150.0,activities/12781877758.tcx.gz,2.453976631164551,1.5356388092041016,380.0,2024,7,Sexta,44.15
169,1094,12009192283,"Jul 28, 2024, 9:17:35 PM",Evening Walk,Walk,,2057,2.36,183.0,activities/12802700764.tcx.gz,2.137727737426758,1.4819473028182983,372.0,2024,7,Domingo,34.28333333333333
170,1095,12009192679,"Jul 28, 2024, 9:52:07 PM",Evening Run,Run,,1303,3.11,183.0,activities/12802701289.tcx.gz,3.953885078430176,2.7387192249298096,276.0,2024,7,Domingo,21.716666666666665
171,1096,12023179783,"Jul 29, 2024, 9:26:24 PM",Afternoon Workout,Workout,,4417,0.0,121.0,activities/12817182206.tcx.gz,0.0,0.0,436.0,2024,7,Segunda,73.61666666666666
172,1097,12023179800,"Jul 30, 2024, 10:48:52 PM",Evening Walk,Walk,,803,1.11,130.0,activities/12817182247.tcx.gz,3.272891998291016,1.4117170572280884,108.0,2024,7,Terca,13.383333333333333
173,1098,12023179873,"Jul 30, 2024, 11:02:25 PM",Evening Run,Run,,2680,6.55,191.0,activities/12817182291.tcx.gz,4.525200843811035,2.503817558288574,578.0,2024,7,Terca,44.66666666666666
174,1099,12039675990,"Aug 1, 2024, 10:40:30 PM",Caminhada ao anoitecer,Hike,,3098,4.85,,activities/12039675990.gpx,5.2099609375,1.5923811197280884,423.5469665527344,2024,8,Quinta,51.63333333333333
175,1100,12047483224,"Jul 31, 2024, 10:12:12 PM",Afternoon Workout,Workout,,4567,0.0,123.0,activities/12842482000.tcx.gz,0.0,0.0,464.0,2024,7,Quarta,76.11666666666666
176,1101,12047483242,"Aug 2, 2024, 9:51:50 PM",Afternoon Workout,Workout,,4050,0.0,129.0,activities/12842482069.tcx.gz,0.0,0.0,387.0,2024,8,Sexta,67.5
177,1102,12070445121,"Aug 3, 2024, 9:46:59 PM",Evening Walk,Walk,,436,0.69,135.0,activities/12866519284.tcx.gz,4.067366123199463,1.5877220630645752,63.0,2024,8,Sabado,7.266666666666667
178,1103,12070445369,"Aug 3, 2024, 9:54:21 PM",Evening Run,Run,,2477,5.19,178.0,activities/12866519410.tcx.gz,5.249913692474365,2.75603985786438,359.0,2024,8,Sabado,41.28333333333333
179,1104,12099546933,"Aug 7, 2024, 10:15:20 PM",Treino academia,Weight Training,,4802,0.0,128.0,activities/12896924548.tcx.gz,0.0,0.0,462.0,2024,8,Quarta,80.03333333333333
180,1105,12099547044,"Aug 8, 2024, 10:15:15 PM",Evening Walk,Walk,,660,1.0,127.0,activities/12896924611.tcx.gz,2.9319655895233154,1.5254071950912476,86.0,2024,8,Quinta,11.0
181,1106,12099547146,"Aug 8, 2024, 10:26:21 PM",Evening Run,Run,,3004,7.07,187.0,activities/12896924710.tcx.gz,4.257215976715088,2.498622179031372,633.0,2024,8,Quinta,50.06666666666667
182,1107,12141627290,"Aug 9, 2024, 10:06:26 PM",Afternoon Workout,Workout,,4163,0.0,130.0,activities/12941119934.tcx.gz,0.0,0.0,367.0,2024,8,Sexta,69.38333333333334
183,1108,12141627343,"Aug 13, 2024, 10:56:48 PM",Evening Walk,Walk,,725,1.09,135.0,activities/12941119976.tcx.gz,5.473067283630371,1.5037922859191897,101.0,2024,8,Terca,12.083333333333334
184,1109,12141627459,"Aug 13, 2024, 11:08:59 PM",Evening Run,Run,,2103,5.01,191.0,activities/12941120032.tcx.gz,4.608789920806885,2.404633045196533,479.0,2024,8,Terca,35.05
185,1110,12158132433,"Aug 15, 2024, 10:11:47 PM",Evening Run,Run,,2327,6.05,192.0,activities/12959887574.tcx.gz,5.070144176483154,2.615275859832764,553.0,2024,8,Quinta,38.78333333333333
186,1111,12214095415,"Aug 17, 2024, 1:47:33 PM",Morning Workout,Workout,,4374,0.0,146.0,activities/13021448284.tcx.gz,0.0,0.0,441.0,2024,8,Sabado,72.9
187,1112,12214095551,"Aug 21, 2024, 10:29:10 PM",Treino academia,Weight Training,,3871,0.0,143.0,activities/13021448395.tcx.gz,0.0,0.0,400.0,2024,8,Quarta,64.51666666666667
188,1113,12214095678,"Aug 18, 2024, 2:07:13 PM",Lunch Ride,Ride,,3418,8.32,129.0,activities/13021448355.tcx.gz,11.77916431427002,2.662174701690674,414.0,2024,8,Domingo,56.96666666666667
189,1114,12259844830,"Aug 23, 2024, 10:20:01 PM",Treino academia,Weight Training,,4132,0.0,145.0,activities/13069060056.tcx.gz,0.0,0.0,460.0,2024,8,Sexta,68.86666666666666
190,1115,12259844924,"Aug 27, 2024, 9:59:55 PM",Evening Walk,Walk,,662,1.0,147.0,activities/13069060177.tcx.gz,2.721742630004883,1.5487467050552368,94.0,2024,8,Terca,11.033333333333331
191,1116,12259845030,"Aug 25, 2024, 2:16:47 PM",Pedalada com Laurinha,Ride,,4815,10.29,151.0,activities/13069060137.tcx.gz,7.19429874420166,3.055571317672729,568.0,2024,8,Domingo,80.25
192,1117,12259845153,"Aug 27, 2024, 10:11:50 PM",Evening Run,Run,,3462,7.15,188.0,activities/13069060256.tcx.gz,4.515469074249268,2.4806065559387207,684.0,2024,8,Terca,57.7
193,1118,12277517357,"Aug 29, 2024, 10:19:05 PM",Evening Run,Run,,20,0.02,73.0,activities/13088160973.tcx.gz,3.127316951751709,2.491076707839966,1.736001968383789,2024,8,Quinta,0.3333333333333333
194,1119,12277517402,"Aug 28, 2024, 10:19:39 PM",Treino academia,Weight Training,,3465,0.0,142.0,activities/13088160953.tcx.gz,0.0,0.0,329.0,2024,8,Quarta,57.75
195,1120,12277517441,"Aug 29, 2024, 10:19:30 PM",Evening Walk,Walk,,666,1.0,148.0,activities/13088161024.tcx.gz,3.775756359100342,1.547491192817688,92.0,2024,8,Quinta,11.1
196,1121,12277524156,"Aug 29, 2024, 10:33:06 PM",Evening Run,Run,,3432,8.1,189.0,activities/13088168095.tcx.gz,3.85805606842041,2.430216073989868,771.0,2024,8,Quinta,57.2
197,1122,12299512266,"Sep 1, 2024, 2:28:38 PM",Lunch Walk,Walk,,757,1.03,135.0,activities/13111345081.tcx.gz,2.2494285106658936,1.4422521591186523,103.0,2024,9,Domingo,12.616666666666667
198,1123,12299512947,"Sep 1, 2024, 2:41:23 PM",Lunch Run,Run,,2753,5.41,188.0,activities/13111345497.tcx.gz,3.5020675659179688,2.0138094425201416,663.0,2024,9,Domingo,45.88333333333333
199,1124,12320035013,"Sep 3, 2024, 10:03:11 PM",Evening Walk,Walk,,3465,4.89,140.0,activities/13134179725.tcx.gz,3.1514711380004883,1.4231908321380615,468.0,2024,9,Terca,57.75
200,1125,12362489119,"Sep 4, 2024, 10:31:08 PM",Treino academia,Weight Training,,3710,0.0,135.0,activities/13180351355.tcx.gz,0.0,0.0,414.0,2024,9,Quarta,61.833333333333336
201,1126,12362489213,"Sep 6, 2024, 1:27:55 PM",Morning Walk,Walk,,927,1.62,127.0,activities/13180351429.tcx.gz,7.441220760345459,1.929012894630432,84.0,2024,9,Sexta,15.45
202,1127,12362489254,"Sep 6, 2024, 9:53:23 PM",Treino academia,Workout,,3328,0.0,132.0,activities/13180351484.tcx.gz,0.0,0.0,322.0,2024,9,Sexta,55.46666666666667
203,1128,12362489332,"Sep 8, 2024, 1:38:25 PM",Pedalada com Laurinha,Ride,,3488,5.34,138.0,activities/13180351571.tcx.gz,5.034051895141602,3.014844417572021,284.0,2024,9,Domingo,58.13333333333333
204,1129,12383980086,"Sep 11, 2024, 2:16:56 PM",Caminhada Treinamento TRE - Volta,Walk,,610,0.77,148.0,activities/13203248917.tcx.gz,2.8755719661712646,1.2703148126602173,111.0,2024,9,Quarta,10.166666666666666
205,1130,12383980115,"Sep 11, 2024, 11:56:45 AM",Caminhada Treinamento TRE - Ida,Walk,,579,1.36,147.0,activities/13203248942.tcx.gz,16.850736618041992,2.3590328693389893,100.0,2024,9,Quarta,9.65
206,1131,12387980788,"Sep 11, 2024, 10:25:14 PM",Treino academia,Weight Training,,4581,0.0,170.0,activities/13207487115.tcx.gz,0.0,0.0,453.0,2024,9,Quarta,76.35
207,1132,12436978578,"Sep 14, 2024, 8:01:49 PM",Caminhada de Aquecimento,Walk,,1408,2.31,136.0,activities/13260014259.tcx.gz,11.579084396362305,1.642691731452942,204.0,2024,9,Sabado,23.466666666666665
208,1133,12436978738,"Sep 14, 2024, 8:26:12 PM",Corrida na UFPE,Run,,2434,6.02,186.0,activities/13260014342.tcx.gz,4.759808540344238,2.503774642944336,550.0,2024,9,Sabado,40.56666666666667
209,1134,12436981713,"Sep 17, 2024, 8:21:38 PM",Caminhada de Aquecimento,Walk,,668,1.01,137.0,activities/13260017520.tcx.gz,2.764518976211548,1.5149739980697632,88.0,2024,9,Terca,11.133333333333333
210,1135,12436981735,"Sep 15, 2024, 5:14:31 PM",Trilha do Hotel Sol Nascente com Davi,Hike,,1370,0.67,115.0,activities/13260017464.tcx.gz,3.2666666507720947,0.7128313779830933,132.0,2024,9,Domingo,22.83333333333333
211,1136,12436981908,"Sep 17, 2024, 8:33:04 PM",Corrida na UFPE,Run,,3774,8.03,190.0,activities/13260017592.tcx.gz,3.981999635696411,2.3661203384399414,801.0,2024,9,Terca,62.9
212,1137,12448878767,"Sep 18, 2024, 9:59:52 PM",Afternoon Workout,Workout,,4436,0.0,130.0,activities/13272712895.tcx.gz,0.0,0.0,440.0,2024,9,Quarta,73.93333333333334
213,1138,12454783448,"Sep 19, 2024, 10:42:33 PM",Evening Walk,Walk,,1930,3.0,156.0,activities/13278993578.tcx.gz,2.38601016998291,1.573329210281372,302.0,2024,9,Quinta,32.166666666666664
214,1139,12454783571,"Sep 19, 2024, 11:14:55 PM",Evening Run,Run,,1659,4.17,190.0,activities/13278993649.tcx.gz,3.99788236618042,2.520420551300049,362.0,2024,9,Quinta,27.65
215,1140,12495282460,"Sep 20, 2024, 10:27:54 PM",Treino academia,Weight Training,,3946,0.0,125.0,activities/13322298009.tcx.gz,0.0,0.0,350.0,2024,9,Sexta,65.76666666666667
216,1141,12495339642,"Sep 22, 2024, 4:31:38 PM",Pedalada com famÃÂ­lia UFPE,Ride,,968,3.53,145.0,activities/13322358961.tcx.gz,6.192307472229004,3.961657047271729,125.0,2024,9,Domingo,16.133333333333333
217,1142,12495339694,"Sep 22, 2024, 2:07:39 PM",Pedalada com famÃÂ­lia UFPE,Ride,,4882,10.39,146.0,activities/13322358875.tcx.gz,6.176715850830078,2.95588493347168,513.0,2024,9,Domingo,81.36666666666666
218,1143,12495339740,"Sep 23, 2024, 8:49:01 PM",Treino academia,Weight Training,,3485,0.0,129.0,activities/13322359096.tcx.gz,0.0,0.0,350.0,2024,9,Segunda,58.083333333333336
219,1144,12495339780,"Sep 22, 2024, 5:11:26 PM",Faxina escritÃÂ³rio casa,Workout,,8441,0.0,157.0,activities/13322359048.tcx.gz,0.0,0.0,1155.0,2024,9,Domingo,140.68333333333334
220,1145,12496931864,"Sep 24, 2024, 10:21:26 PM",Evening Walk,Walk,,752,1.1,142.0,activities/13324027201.tcx.gz,3.706522703170776,1.505912184715271,104.0,2024,9,Terca,12.533333333333331
221,1146,12496932021,"Sep 24, 2024, 10:34:07 PM",Evening Run,Run,,2781,6.56,188.0,activities/13324027290.tcx.gz,4.014640808105469,2.4283041954040527,664.0,2024,9,Terca,46.35
222,1147,12522851460,"Sep 27, 2024, 11:00:20 PM",Afternoon Workout,Workout,,3591,0.0,125.0,activities/13351685460.tcx.gz,0.0,0.0,318.0,2024,9,Sexta,59.85
223,1148,12522851467,"Sep 25, 2024, 9:39:21 PM",Afternoon Workout,Workout,,4004,0.0,129.0,activities/13351685405.tcx.gz,0.0,0.0,392.0,2024,9,Quarta,66.73333333333333
224,1149,12568965978,"Sep 28, 2024, 7:41:28 PM",Afternoon Walk,Walk,,487,0.72,139.0,activities/13400961566.tcx.gz,2.984469175338745,1.5331677198410034,74.0,2024,9,Sabado,8.116666666666667
225,1150,12568966069,"Sep 28, 2024, 7:50:28 PM",Afternoon Run,Run,,2008,4.28,150.0,activities/13400961640.tcx.gz,3.788569688796997,2.15197229385376,292.0,2024,9,Sabado,33.46666666666667
226,1151,12568968631,"Oct 2, 2024, 9:34:10 PM",Afternoon Workout,Workout,,4213,0.0,152.0,activities/13400964340.tcx.gz,0.0,0.0,423.0,2024,10,Quarta,70.21666666666667
227,1152,12568968687,"Oct 3, 2024, 9:40:30 PM",Evening Walk,Walk,,658,1.0,129.0,activities/13400964378.tcx.gz,3.9153902530670166,1.5263991355895996,87.0,2024,10,Quinta,10.966666666666669
228,1153,12568968802,"Oct 3, 2024, 9:51:35 PM",Evening Run,Run,,2798,6.02,187.0,activities/13400964430.tcx.gz,5.255489826202393,2.4625418186187744,526.0,2024,10,Quinta,46.63333333333333
229,1154,12618141732,"Oct 5, 2024, 11:00:51 PM",Evening Walk,Walk,,611,1.0,140.0,activities/13452709188.tcx.gz,3.462028741836548,1.6877952814102173,74.0,2024,10,Sabado,10.183333333333334
230,1155,12618141748,"Oct 4, 2024, 10:36:08 PM",Afternoon Workout,Workout,,3878,0.0,143.0,activities/13452709122.tcx.gz,0.0,0.0,404.0,2024,10,Sexta,64.63333333333334
231,1156,12618141869,"Oct 5, 2024, 11:11:10 PM",Evening Run,Run,,1129,3.04,179.0,activities/13452709261.tcx.gz,3.885688543319702,2.7144556045532227,239.0,2024,10,Sabado,18.816666666666663
232,1157,12618141909,"Oct 9, 2024, 10:26:10 PM",Afternoon Workout,Workout,,4739,0.0,124.0,activities/13452709308.tcx.gz,0.0,0.0,431.0,2024,10,Quarta,78.98333333333333
233,1158,12626098241,"Oct 10, 2024, 10:24:26 PM",Evening Walk,Walk,,677,1.12,135.0,activities/13461239650.tcx.gz,8.617874145507812,1.6935423612594604,89.0,2024,10,Quinta,11.283333333333331
234,1159,12626098270,"Oct 10, 2024, 11:16:26 PM",Afternoon Workout,Workout,,445,0.0,173.0,activities/13461239709.tcx.gz,0.0,0.0,73.0,2024,10,Quinta,7.416666666666667
235,1160,12626098315,"Oct 10, 2024, 10:35:53 PM",Evening Run,Run,,2417,6.02,184.0,activities/13461239692.tcx.gz,5.273841381072998,2.5707690715789795,475.0,2024,10,Quinta,40.28333333333333
236,1161,12664910830,"Oct 11, 2024, 10:43:31 PM",Afternoon Workout,Workout,,3909,0.0,120.0,activities/13503072060.tcx.gz,0.0,0.0,371.0,2024,10,Sexta,65.15
237,1162,12669828091,"Oct 15, 2024, 11:27:25 PM",Evening Walk,Walk,,466,0.7,129.0,activities/13508334356.tcx.gz,2.878126859664917,1.5134572982788086,57.0,2024,10,Terca,7.766666666666667
238,1163,12669828264,"Oct 15, 2024, 11:35:18 PM",Evening Run,Run,,2055,5.04,151.0,activities/13508334453.tcx.gz,4.03515625,2.621840000152588,275.0,2024,10,Terca,34.25
239,1164,12720430645,"Oct 16, 2024, 10:19:56 PM",Afternoon Workout,Workout,,4510,0.0,139.0,activities/13562636104.tcx.gz,0.0,0.0,405.0,2024,10,Quarta,75.16666666666667
240,1165,12725371321,"Oct 22, 2024, 9:50:44 PM",Evening Walk,Walk,,682,1.0,141.0,activities/13567928063.tcx.gz,2.2228879928588867,1.5066312551498413,97.0,2024,10,Terca,11.366666666666667
241,1166,12725371700,"Oct 22, 2024, 10:02:16 PM",Evening Run,Run,,2490,6.02,185.0,activities/13567928328.tcx.gz,5.500999927520752,2.4868080615997314,582.0,2024,10,Terca,41.5
242,1167,12729731176,"Oct 23, 2024, 10:14:52 PM",Afternoon Workout,Workout,,4966,0.0,131.0,activities/13572566337.tcx.gz,0.0,0.0,464.0,2024,10,Quarta,82.76666666666667
243,1168,12737566177,"Oct 24, 2024, 10:08:32 PM",Evening Walk,Walk,,719,1.13,132.0,activities/13580965832.tcx.gz,8.90189266204834,1.5767860412597656,83.0,2024,10,Quinta,11.983333333333333
244,1169,12737566414,"Oct 24, 2024, 10:20:38 PM",Evening Run,Run,,3611,8.05,191.0,activities/13580965957.tcx.gz,3.9523613452911377,2.4128236770629883,733.0,2024,10,Quinta,60.18333333333333
245,1170,12744752217,"Oct 25, 2024, 10:41:24 PM",Afternoon Workout,Workout,,4572,0.0,135.0,activities/13588739399.tcx.gz,0.0,0.0,517.0,2024,10,Sexta,76.2
246,1171,12764522363,"Oct 28, 2024, 11:01:27 AM",Morning Walk,Walk,,1408,2.0,160.0,activities/13610251907.tcx.gz,4.7387542724609375,1.4260797500610352,216.0,2024,10,Segunda,23.466666666666665
247,1172,12785655516,"Oct 28, 2024, 9:26:58 PM",Afternoon Workout,Workout,,3953,0.0,134.0,activities/13632886971.tcx.gz,0.0,0.0,466.0,2024,10,Segunda,65.88333333333334
248,1173,12785657000,"Oct 30, 2024, 10:30:09 PM",Afternoon Workout,Workout,,3492,0.0,121.0,activities/13632888557.tcx.gz,0.0,0.0,355.0,2024,10,Quarta,58.2
249,1174,12793493379,"Oct 31, 2024, 10:07:18 PM",Evening Walk,Walk,,723,1.05,131.0,activities/13641342150.tcx.gz,3.1869056224823,1.4515180587768557,100.0,2024,10,Quinta,12.05
250,1175,12793493504,"Oct 31, 2024, 10:20:20 PM",Evening Run,Run,,3656,8.15,184.0,activities/13641342212.tcx.gz,4.279587745666504,2.4239606857299805,763.0,2024,10,Quinta,60.93333333333333
251,1176,12800550589,"Nov 1, 2024, 9:41:13 PM",Afternoon Workout,Workout,,3489,0.0,128.0,activities/13648979394.tcx.gz,0.0,0.0,355.0,2024,11,Sexta,58.15
252,1177,12833235472,"Nov 5, 2024, 9:59:40 PM",Evening Walk,Walk,,579,1.37,134.0,activities/13684077882.tcx.gz,19.88387489318848,2.372637987136841,76.0,2024,11,Terca,9.65
253,1178,12833235647,"Nov 5, 2024, 10:09:26 PM",Evening Run,Run,,3581,8.04,188.0,activities/13684077979.tcx.gz,3.831339120864868,2.3862879276275635,766.0,2024,11,Terca,59.68333333333333
254,1179,12840968214,"Nov 6, 2024, 10:41:31 PM",Afternoon Workout,Workout,,4392,0.0,138.0,activities/13692366181.tcx.gz,0.0,0.0,433.0,2024,11,Quarta,73.2
255,1180,12863550501,"Nov 8, 2024, 10:04:54 PM",Afternoon Workout,Workout,,823,0.0,143.0,activities/13716678818.tcx.gz,0.0,0.0,120.0,2024,11,Sexta,13.716666666666669
256,1181,12863550668,"Nov 8, 2024, 10:19:06 PM",Afternoon Workout,Workout,,4013,0.0,136.0,activities/13716678862.tcx.gz,0.0,0.0,408.0,2024,11,Sexta,66.88333333333334
257,1182,12863550790,"Nov 9, 2024, 10:16:49 PM",Evening Walk,Walk,,661,1.02,132.0,activities/13716678927.tcx.gz,4.929601669311523,1.5537086725234983,92.0,2024,11,Sabado,11.016666666666667
258,1183,12863551159,"Nov 9, 2024, 10:27:56 PM",Evening Run,Run,,3545,8.02,190.0,activities/13716679062.tcx.gz,4.122797966003418,2.378823518753052,765.0,2024,11,Sabado,59.083333333333336
259,1184,12887664381,"Nov 12, 2024, 8:07:59 PM",Afternoon Walk,Walk,,2424,3.58,178.0,activities/13742573433.tcx.gz,4.161945343017578,1.6740599870681765,385.0,2024,11,Terca,40.4
260,1185,12895401202,"Nov 13, 2024, 10:25:43 PM",Afternoon Workout,Workout,,3901,0.0,138.0,activities/13750866823.tcx.gz,0.0,0.0,449.0,2024,11,Quarta,65.01666666666667
261,1186,12902972756,"Nov 14, 2024, 11:05:39 PM",Evening Walk,Walk,,1260,1.09,135.0,activities/13758998039.tcx.gz,5.613697052001953,1.4443750381469729,100.0,2024,11,Quinta,21.0
262,1187,12902973039,"Nov 14, 2024, 11:18:17 PM",Evening Run,Run,,3117,6.04,142.0,activities/13758998099.tcx.gz,5.178055286407471,2.5554757118225098,353.0,2024,11,Quinta,51.95
263,1188,12917072604,"Nov 16, 2024, 8:26:00 PM",Afternoon Walk,Walk,,701,1.05,130.0,activities/13774206178.tcx.gz,3.7332398891448975,1.5402419567108154,81.0,2024,11,Sabado,11.683333333333334
264,1189,12917073025,"Nov 16, 2024, 8:37:49 PM",Afternoon Run,Run,,4613,10.19,183.0,activities/13774206445.tcx.gz,4.074202060699463,2.312716722488404,745.0,2024,11,Sabado,76.88333333333334
265,1190,12940337378,"Nov 19, 2024, 10:09:03 PM",Evening Walk,Walk,,730,1.01,139.0,activities/13799268985.tcx.gz,2.098573684692383,1.451374053955078,99.0,2024,11,Terca,12.166666666666666
266,1191,12940337485,"Nov 19, 2024, 10:21:21 PM",Evening Run,Run,,3246,7.04,195.0,activities/13799269057.tcx.gz,3.9139089584350586,2.388535499572754,642.0,2024,11,Terca,54.1
267,1192,12955213520,"Nov 21, 2024, 10:27:25 PM",Evening Walk,Walk,,489,0.72,118.0,activities/13815051564.tcx.gz,2.186678409576416,1.4845457077026367,49.0,2024,11,Quinta,8.15
268,1193,12955213640,"Nov 21, 2024, 10:35:46 PM",Evening Run,Run,,2665,6.59,177.0,activities/13815051628.tcx.gz,8.567995071411133,2.5314292907714844,497.0,2024,11,Quinta,44.41666666666666
269,1194,12961101262,"Nov 22, 2024, 9:36:00 PM",Afternoon Workout,Workout,,4440,0.0,130.0,activities/13821377697.tcx.gz,0.0,0.0,459.0,2024,11,Sexta,74.0
270,1195,12991383552,"Nov 26, 2024, 10:14:21 PM",Evening Walk,Walk,,612,0.86,130.0,activities/13853549996.tcx.gz,2.6170413494110107,1.4998048543930054,68.0,2024,11,Terca,10.2
271,1196,12991383565,"Nov 26, 2024, 10:24:41 PM",Evening Run,Run,,3123,7.0,189.0,activities/13853550068.tcx.gz,3.9668376445770255,2.398040294647217,627.0,2024,11,Terca,52.05
272,1197,13011975605,"Nov 29, 2024, 10:05:36 PM",Afternoon Workout,Workout,,4218,0.0,121.0,activities/13875631736.tcx.gz,0.0,0.0,407.0,2024,11,Sexta,70.3
273,1198,13041475018,"Dec 3, 2024, 10:12:33 PM",Evening Walk,Walk,,550,0.81,136.0,activities/13907263582.tcx.gz,4.340633392333984,1.5457953214645386,81.0,2024,12,Terca,9.166666666666666
274,1199,13041477153,"Dec 3, 2024, 10:21:50 PM",Evening Run,Run,,3121,7.02,190.0,activities/13907263732.tcx.gz,5.992794513702393,2.436630249023437,623.0,2024,12,Terca,52.016666666666666
275,1200,13055650735,"Dec 5, 2024, 10:06:31 PM",Afternoon Workout,Workout,,4376,0.0,136.0,activities/13922365574.tcx.gz,0.0,0.0,425.0,2024,12,Quinta,72.93333333333334
276,1201,13068559624,"Dec 7, 2024, 10:12:29 PM",Evening Walk,Walk,,544,1.36,131.0,activities/13936200327.tcx.gz,15.790264129638672,2.6064112186431885,71.0,2024,12,Sabado,9.066666666666666
277,1202,13068559733,"Dec 7, 2024, 10:21:43 PM",Evening Run,Run,,3043,7.01,189.0,activities/13936200391.tcx.gz,4.960983276367188,2.335876941680908,663.0,2024,12,Sabado,50.71666666666667
278,1203,13096663913,"Dec 11, 2024, 9:36:44 PM",Afternoon Workout,Workout,,4562,0.0,131.0,activities/13966184568.tcx.gz,0.0,0.0,462.0,2024,12,Quarta,76.03333333333333
279,1204,13103574407,"Dec 12, 2024, 10:00:55 PM",Evening Walk,Walk,,612,0.79,136.0,activities/13973582471.tcx.gz,3.825364589691162,1.4608265161514282,77.0,2024,12,Quinta,10.2
280,1205,13103574578,"Dec 12, 2024, 10:11:24 PM",Evening Run,Run,,3205,7.05,192.0,activities/13973582572.tcx.gz,4.245642185211182,2.3466122150421143,655.0,2024,12,Quinta,53.41666666666666
281,1206,13131520690,"Dec 16, 2024, 8:59:28 PM",Lunch Workout,Workout,,3173,0.0,126.0,activities/14003560755.tcx.gz,0.0,0.0,310.0,2024,12,Segunda,52.88333333333333
282,1207,13145763309,"Dec 18, 2024, 10:13:22 PM",Afternoon Workout,Workout,,4170,0.0,150.0,activities/14018777980.tcx.gz,0.0,0.0,433.0,2024,12,Quarta,69.5
283,1208,13158292102,"Dec 20, 2024, 10:07:25 PM",Afternoon Workout,Workout,,4198,0.0,130.0,activities/14032271135.tcx.gz,0.0,0.0,435.0,2024,12,Sexta,69.96666666666667
284,1209,13165045768,"Dec 21, 2024, 10:35:43 PM",Evening Walk,Walk,,739,1.01,138.0,activities/14039540272.tcx.gz,2.370359420776367,1.4013839960098269,100.0,2024,12,Sabado,12.316666666666666
285,1210,13165045812,"Dec 21, 2024, 10:48:10 PM",Evening Run,Run,,2724,6.02,178.0,activities/14039540304.tcx.gz,3.9958529472351074,2.3115692138671875,472.0,2024,12,Sabado,45.4
